nr;professorType;researchInterest;headOf
1;fullProfessor;collectives ;
2;associateProfessor;haets renouncer unventilated ;
3;assistantProfessor;taskmasters scowed starched ;
11;fullProfessor;educts exordiums ;
12;associateProfessor;atomism ruminations ;
13;assistantProfessor;behooving puttered ;
21;fullProfessor;trolleying misplace revictual ;
22;associateProfessor;mf veluring ;
23;assistantProfessor;incarcerations ;
31;fullProfessor;rhetorically echolocation cutlers ;
32;associateProfessor;obscenity oared ;
33;assistantProfessor;undistributed dawns ;
41;fullProfessor;arabizing specks ;
42;associateProfessor;toeshoes spilling ;
43;assistantProfessor;decoding plaguers ;
51;fullProfessor;corsages firebrick ;
52;associateProfessor;uncelebrated keynoted ;
53;assistantProfessor;unenthusiastic tetragon ;
61;fullProfessor;swob printers bambino ;
62;associateProfessor;baboo ;
63;assistantProfessor;kapoks ;
71;fullProfessor;fortuned lambs chauvinist ;0
72;associateProfessor;rotisserie submersibles ;
73;assistantProfessor;bummers exemplified booed ;
81;fullProfessor;dressiest trumpeter ;
82;associateProfessor;sorceress ;
83;assistantProfessor;vicuna ;
91;fullProfessor;vendees bewig beleaguered ;
92;associateProfessor;fretsaws convoluted correlatives ;
93;assistantProfessor;woollen subsurface highbrow ;
102;associateProfessor;coveter ;
112;associateProfessor;innuendoes aptest ;
122;associateProfessor;southwesters ;
132;associateProfessor;groats beguines ;
1001;fullProfessor;loftiness moires resounding ;
1002;associateProfessor;virologists ;
1003;assistantProfessor;undistinguishable skippers ;
1011;fullProfessor;cognize lecturer designers ;
1012;associateProfessor;disarraying ;
1013;assistantProfessor;achenial ;
1021;fullProfessor;transgressions whammed ;
1022;associateProfessor;ideo ;
1023;assistantProfessor;hovering ;
1031;fullProfessor;tubers inclines broths ;
1032;associateProfessor;duellers ;
1033;assistantProfessor;encamped escalates galactoscope ;
1041;fullProfessor;resorting ;1
1042;associateProfessor;sics ;
1043;assistantProfessor;rainout ;
1051;fullProfessor;tinniest helots rioting ;
1052;associateProfessor;slushiness ;
1053;assistantProfessor;grouchiness ;
1061;fullProfessor;unapt conically ;
1062;associateProfessor;acceptances conformably fusspots ;
1063;assistantProfessor;strangler wretchedly grafts ;
1071;fullProfessor;overprint ;
1072;associateProfessor;stargazers ;
1073;assistantProfessor;clientless reannex ;
1081;fullProfessor;wanness jongleur sporting ;
1082;associateProfessor;slyness pies ;
1091;fullProfessor;cinques printer huntresses ;
1092;associateProfessor;dispatch coaled nabobery ;
2001;fullProfessor;forearm ;
2002;associateProfessor;sower heightening beths ;
2003;assistantProfessor;unattempted ;
2011;fullProfessor;backlashes unfathomed ;
2012;associateProfessor;rebills reflexologies richening ;
2013;assistantProfessor;underemployment bequests ;
2021;fullProfessor;advantaged ;
2022;associateProfessor;reunify accepters ;
2023;assistantProfessor;jins mizzen ;
2031;fullProfessor;craniofacial imprinted croquettes ;
2032;associateProfessor;innervates brickiest ;
2033;assistantProfessor;fathoms ;
2041;fullProfessor;platinums ;2
2042;associateProfessor;overed dotingly ;
2043;assistantProfessor;outstretch ;
2051;fullProfessor;autosuggestions ;
2052;associateProfessor;sweatiest recitatives knockwurst ;
2053;assistantProfessor;appanages crowder ;
2061;fullProfessor;whishes ;
2062;associateProfessor;vulgarizer ;
2063;assistantProfessor;deposits scarred obtuser ;
2072;associateProfessor;superseder ;
2073;assistantProfessor;catcher interrupter ;
2082;associateProfessor;flameouts pastoralist ;
2092;associateProfessor;tunelessly ;
2102;associateProfessor;joins ;
2112;associateProfessor;rawest unattractive gaol ;
3001;fullProfessor;blunter ;
3002;associateProfessor;dingbats eyewitnesses pulverization ;
3003;assistantProfessor;demonstrational clinchers wrigglers ;
3011;fullProfessor;arointed ;
3012;associateProfessor;delegant ;
3013;assistantProfessor;peyote omittance ;
3021;fullProfessor;pronghorn ascertains ;
3022;associateProfessor;wankel ;
3023;assistantProfessor;breakables snobbishly interferometry ;
3031;fullProfessor;weariful disrupts ;
3032;associateProfessor;slanged reportage ;
3033;assistantProfessor;preschoolers raisings millennial ;
3041;fullProfessor;disesteem glassed angolan ;3
3042;associateProfessor;jib ;
3043;assistantProfessor;soldered ;
3051;fullProfessor;reaffirming spinnery resown ;
3052;associateProfessor;salmonellas ;
3053;assistantProfessor;ahchoo automatization ;
3061;fullProfessor;unconventional inkless hermitage ;
3062;associateProfessor;bowdlerizing ;
3063;assistantProfessor;riveting nonracial ;
3071;fullProfessor;vexatiousness ;
3072;associateProfessor;restrictionist megabucks abbotships ;
3073;assistantProfessor;places ;
3081;fullProfessor;passkeys intertwined sirs ;
3082;associateProfessor;untractable completing piezometric ;
3083;assistantProfessor;octanes miggs argyll ;
3092;associateProfessor;razzed endowers ;
3093;assistantProfessor;staffed sendable ;
3102;associateProfessor;arsonist corer ;
3112;associateProfessor;reinscribes compositors imploration ;
4001;fullProfessor;aquarists keypunching gleanings ;
4002;associateProfessor;thrashes harmonizer cushy ;
4003;assistantProfessor;underlayer ;
4011;fullProfessor;usurped diversities ;
4012;associateProfessor;unobscured postboys paynims ;
4013;assistantProfessor;pastorate succinctness ;
4021;fullProfessor;scratching governmental ;
4022;associateProfessor;stridden ;
4023;assistantProfessor;rehammered ;
4031;fullProfessor;snowcapped vegetative ;4
4032;associateProfessor;undershot wagerers ;
4033;assistantProfessor;sappiest mexicans metricates ;
4041;fullProfessor;beelike squaws cellaret ;
4042;associateProfessor;leaseholders gnus seriousness ;
4043;assistantProfessor;notebooks lunes batholithic ;
4051;fullProfessor;gunsmiths ;
4052;associateProfessor;kaliphs ;
4053;assistantProfessor;continuable rehears ;
4061;fullProfessor;inquiring shellacker lexicographical ;
4062;associateProfessor;trimming overexpand ;
4063;assistantProfessor;sharkskin curls loafed ;
4072;associateProfessor;incidently ;
4073;assistantProfessor;spiffier ;
4082;associateProfessor;greenly quisling ;
4083;assistantProfessor;unliveable provender turning ;
4092;associateProfessor;frilliness lignified feminizing ;
4093;assistantProfessor;fallers ;
5001;fullProfessor;prickliest turbofans starlit ;
5002;associateProfessor;announcing tragically hiking ;
5003;assistantProfessor;hexagrams restyles ;
5011;fullProfessor;ammos sandwiches ;
5012;associateProfessor;pluckily slighter ;
5013;assistantProfessor;demographies ;
5021;fullProfessor;mammie ;
5022;associateProfessor;sitters woesome basifier ;
5023;assistantProfessor;roundly aptitudes evolvements ;
5031;fullProfessor;checkbooks ;
5032;associateProfessor;stemmed charbroil cheerfulness ;
5033;assistantProfessor;temporality preascertain tautogs ;
5041;fullProfessor;peritonitic ;5
5042;associateProfessor;irons jerker inoffensiveness ;
5043;assistantProfessor;amounted ;
5051;fullProfessor;hierarchies daydreamed manubriums ;
5052;associateProfessor;unarm ;
5053;assistantProfessor;medicaid rickeys sideburns ;
5061;fullProfessor;larked rheological urinated ;
5062;associateProfessor;creates ;
5063;assistantProfessor;alcoholizing dianthus newsletters ;
5071;fullProfessor;tantric deloused ;
5072;associateProfessor;ozonic unblock ;
5073;assistantProfessor;ambitions aflutter ;
5081;fullProfessor;tsarism ;
5082;associateProfessor;thickety milers ;
5091;fullProfessor;follower ;
5092;associateProfessor;abbreviators hairstylist gumweeds ;
5102;associateProfessor;chlorination proofreads pustular ;
6001;fullProfessor;gymnastically befits ;
6002;associateProfessor;duffer transplanted ;
6003;assistantProfessor;elevon confounding migrants ;
6011;fullProfessor;nonpartisans fleshier ;6
6012;associateProfessor;hammerheads grubbily ;
6013;assistantProfessor;transmigratory massier sheepfolds ;
6021;fullProfessor;ekistics ;
6022;associateProfessor;fortis ;
6023;assistantProfessor;mistiming ;
6031;fullProfessor;nullities splashier feasant ;
6032;associateProfessor;jitters ;
6033;assistantProfessor;payolas hoedowns ;
6041;fullProfessor;imperiousness ;
6042;associateProfessor;tacksman ;
6043;assistantProfessor;umbers dwindled ;
6051;fullProfessor;confucians pools ;
6052;associateProfessor;boronic mealymouthed ;
6053;assistantProfessor;spinouts ;
6061;fullProfessor;bolsheviks ;
6062;associateProfessor;desisting dovish bristly ;
6063;assistantProfessor;webfoot amorists plastering ;
6071;fullProfessor;predusks ;
6072;associateProfessor;arborizes ;
6073;assistantProfessor;distributution ;
6081;fullProfessor;uselessness outchiding ;
6082;associateProfessor;congregants pensees winged ;
6091;fullProfessor;chesty lowed ;
6092;associateProfessor;wiles contentment escallop ;
7001;fullProfessor;inherence ;
7002;associateProfessor;underdrawers superimpose ;
7003;assistantProfessor;overinsistent ;
7011;fullProfessor;wallpapering perverter ;7
7012;associateProfessor;naughtily immunoreactive hubbies ;
7013;assistantProfessor;fellatrice ;
7021;fullProfessor;specifics microclimatology ;
7022;associateProfessor;lobbies dimwits rebilled ;
7023;assistantProfessor;pailful greaser bonnier ;
7031;fullProfessor;motorizes ;
7032;associateProfessor;pitons soothers ;
7033;assistantProfessor;pheromones seizable ;
7041;fullProfessor;penalization ;
7042;associateProfessor;aptitudes ;
7043;assistantProfessor;gleeman pekoes reprieves ;
7051;fullProfessor;vicennial telecommunication unperturbable ;
7052;associateProfessor;reseeding nam ;
7053;assistantProfessor;socialists hysterical ;
7061;fullProfessor;crossbreeding ;
7062;associateProfessor;earldoms infrequency ;
7063;assistantProfessor;pearlier versicles braveness ;
7072;associateProfessor;espresso hypocenters ;
7073;assistantProfessor;oleanders gyms ;
7082;associateProfessor;footsoreness ;
7083;assistantProfessor;broadly ;
7092;associateProfessor;exposal ;
7093;assistantProfessor;camphorates vinca caverned ;
7102;associateProfessor;breeders radiobroadcaster chapfallen ;
7112;associateProfessor;unordained colorings appeasement ;
7122;associateProfessor;notching inflator oversea ;
7132;associateProfessor;fatly ;
8001;fullProfessor;gunslingers ozonic replants ;
8002;associateProfessor;levitates indecency triumvirates ;
8003;assistantProfessor;demineralization foilsmen ;
8011;fullProfessor;marzipan tsunamic dads ;
8012;associateProfessor;gimballing ;
8013;assistantProfessor;spillers ;
8021;fullProfessor;bryony lackeys ;
8022;associateProfessor;unpardonably ;
8023;assistantProfessor;packing ;
8031;fullProfessor;outfighting calumniating promonarchists ;8
8032;associateProfessor;novena doffers ;
8033;assistantProfessor;understandings bakeshops eau ;
8041;fullProfessor;lacquerers lisping ;
8042;associateProfessor;eyewitnesses jazzers unreelers ;
8043;assistantProfessor;plurally doomster ;
8051;fullProfessor;sickliness ;
8052;associateProfessor;innocently semitranslucent clustery ;
8053;assistantProfessor;entailed ;
8061;fullProfessor;meres cosponsoring ;
8062;associateProfessor;tramlines ;
8063;assistantProfessor;armouring chemotherapies ;
8071;fullProfessor;mantlet ;
8072;associateProfessor;captions terminating laboratories ;
8073;assistantProfessor;radiotelegraphs rowdiest scarfing ;
8081;fullProfessor;embouchures loadings joist ;
8082;associateProfessor;unctuosity carousingly plankings ;
8083;assistantProfessor;rhetors nudniks ;
8092;associateProfessor;games ;
8093;assistantProfessor;electrocuting enwrap ;
8102;associateProfessor;toters clarifiers ;
8103;assistantProfessor;coitus egomaniac subphylum ;
9001;fullProfessor;fungicides ceding ;9
9002;associateProfessor;gabardines ;
9003;assistantProfessor;throwing ;
9011;fullProfessor;bruskly barnstormed gusting ;
9012;associateProfessor;lemmings trisects ;
9013;assistantProfessor;reappraising ;
9021;fullProfessor;soughing ;
9022;associateProfessor;bops crowbars inconvertibilities ;
9023;assistantProfessor;jeopardous ;
9031;fullProfessor;vagueness precessions ;
9032;associateProfessor;disarmers eschewer ;
9033;assistantProfessor;follower capybaras dazes ;
9041;fullProfessor;outdrew ;
9042;associateProfessor;warmheartedness lumpiest loveless ;
9043;assistantProfessor;confederative plashiest parasitization ;
9051;fullProfessor;hampshiremen swoopers ;
9052;associateProfessor;anointments plutonism ;
9053;assistantProfessor;spinate despiteful ;
9061;fullProfessor;viscid ;
9062;associateProfessor;salinas gainsay ;
9063;assistantProfessor;sufferable ;
9072;associateProfessor;palpability rankles racetracks ;
9073;assistantProfessor;procuress meads atriums ;
9082;associateProfessor;shiftily devisers ;
9083;assistantProfessor;discernment concisest ;
9092;associateProfessor;distractedly intertangling earlships ;
9093;assistantProfessor;occupationally gloamings cashbooks ;
9103;assistantProfessor;ratable trays bowleg ;
10001;fullProfessor;hajis incinerated summarization ;
10002;associateProfessor;arabians ;
10003;assistantProfessor;reaccustoming resealed ;
10011;fullProfessor;diadems ;
10012;associateProfessor;ikebana ;
10013;assistantProfessor;cutlases cerated racecourse ;
10021;fullProfessor;defecating metricizing ;
10022;associateProfessor;chaperoning causeys sacked ;
10023;assistantProfessor;redbugs loudens ;
10031;fullProfessor;cycads ab chancellorship ;
10032;associateProfessor;closeted foozlers ;
10033;assistantProfessor;phototrophic horrors dragooning ;
10041;fullProfessor;infirms ;
10042;associateProfessor;estranges ;
10043;assistantProfessor;sources spirally ;
10051;fullProfessor;binding hexylresorcinol tonger ;10
10052;associateProfessor;galvanometric cholla segue ;
10053;assistantProfessor;snowslide loathsomely trashily ;
10061;fullProfessor;junketing ;
10062;associateProfessor;fifers implorer ;
10063;assistantProfessor;saggiest footy needles ;
10072;associateProfessor;annotator ;
10073;assistantProfessor;quiveringly ;
10082;associateProfessor;digamy ;
10083;assistantProfessor;wartimes privets flashforwards ;
10092;associateProfessor;cognises girlfriends ampulla ;
10093;assistantProfessor;phasic hoarier gristle ;
10102;associateProfessor;undesigned unacceptably ;
10103;assistantProfessor;interludes precipices overweigh ;
11001;fullProfessor;chiders solvency switchable ;
11002;associateProfessor;sidepieces stockbrokerage ;
11003;assistantProfessor;cloisonne legionaries physics ;
11011;fullProfessor;elasticizes prearming planish ;11
11012;associateProfessor;oilier reglazed ;
11013;assistantProfessor;unexpressive webless ;
11021;fullProfessor;babies ;
11022;associateProfessor;ulceration ;
11023;assistantProfessor;frustration fissioning ;
11031;fullProfessor;pharisaically constitutes philharmonics ;
11032;associateProfessor;repatriating reproducers ;
11033;assistantProfessor;spinally ;
11041;fullProfessor;mineralize rosets ;
11042;associateProfessor;ploying editorship razee ;
11043;assistantProfessor;sherif ;
11051;fullProfessor;dissepimental hominy softy ;
11052;associateProfessor;implicitness ;
11053;assistantProfessor;deforests ;
11061;fullProfessor;typographies richest wisconsinites ;
11062;associateProfessor;withdrawer ;
11063;assistantProfessor;stringiness electrocute shunners ;
11071;fullProfessor;jessed ;
11072;associateProfessor;misbills blackjacked sequences ;
11073;assistantProfessor;cabmen ;
11082;associateProfessor;doused ;
11083;assistantProfessor;verdantly bleakish novelization ;
11092;associateProfessor;photophobia ;
11093;assistantProfessor;obeahs mainframe redecorated ;
11102;associateProfessor;modulative originally satyric ;
11103;assistantProfessor;rapturousness rooty cloyed ;
11112;associateProfessor;piped ;
11122;associateProfessor;mashes ;
11132;associateProfessor;holistic ;
12001;fullProfessor;essayists bottles trusser ;
12002;associateProfessor;linnet artistries progenitors ;
12003;assistantProfessor;distorter unripely ;
12011;fullProfessor;truer ;
12012;associateProfessor;freeload wheelman ;
12013;assistantProfessor;coalitionist ;
12021;fullProfessor;mongeese reeling ;12
12022;associateProfessor;condescended monocled ;
12023;assistantProfessor;tortuously ;
12031;fullProfessor;sawbucks ;
12032;associateProfessor;charbroils domineers ;
12033;assistantProfessor;grayest ;
12041;fullProfessor;preoccupied decimating ;
12042;associateProfessor;tipper saccharinely unarrested ;
12043;assistantProfessor;atypical ;
12051;fullProfessor;birches ;
12052;associateProfessor;kremlinologists ;
12053;assistantProfessor;fearlessly mishaps scuttles ;
12061;fullProfessor;housetop standardbearer lurer ;
12062;associateProfessor;nonresistant restorer citer ;
12063;assistantProfessor;neuropathy precontrive juicer ;
12071;fullProfessor;rufflike streptococcic extirpations ;
12072;associateProfessor;docudramas ;
12073;assistantProfessor;knickerbockers grittily ;
12081;fullProfessor;equates painlessly ;
12082;associateProfessor;impoverisher indianan ;
12083;assistantProfessor;bloodstained ;
12092;associateProfessor;neoterics ;
12093;assistantProfessor;pasteurize empennages inflictive ;
12102;associateProfessor;psychologically daemonic ;
12103;assistantProfessor;howdah yours enravish ;
13001;fullProfessor;secretor birding ;
13002;associateProfessor;roisters oblongata remelted ;
13003;assistantProfessor;secundines ;
13011;fullProfessor;protrudes missort ;
13012;associateProfessor;bares exobiological ;
13013;assistantProfessor;bypassed ;
13021;fullProfessor;prescientific ;
13022;associateProfessor;damager ;
13023;assistantProfessor;productively unprepossessing itemized ;
13031;fullProfessor;statures malls ;
13032;associateProfessor;routeman militiaman ;
13033;assistantProfessor;libeler blackballed biosensor ;
13041;fullProfessor;compared chooses ;
13042;associateProfessor;cosecant sleeping ;
13043;assistantProfessor;infinitesimally gallingly pressor ;
13051;fullProfessor;nippers ;
13052;associateProfessor;epigraphic pinning ;
13053;assistantProfessor;subassociation ;
13061;fullProfessor;freeloading hackled aphoristic ;
13062;associateProfessor;blackbirds editorialization ;
13063;assistantProfessor;crookeries ;
13071;fullProfessor;ceca emerging ;13
13072;associateProfessor;heaving intransigently ;
13073;assistantProfessor;browniest ;
13082;associateProfessor;antidepressants ;
13083;assistantProfessor;blanker nectarines ;
13092;associateProfessor;rows ;
13093;assistantProfessor;whitefish zoning ;
13102;associateProfessor;conditionals preexaminations lessons ;
13103;assistantProfessor;woozy trameled ;
13112;associateProfessor;kinematograph ;
13122;associateProfessor;genitors misjudgment ;
13132;associateProfessor;launcher bednights murmuring ;
14001;fullProfessor;seiners samoan hispanics ;
14002;associateProfessor;malawians phonogrammic ;
14003;assistantProfessor;waterpower arthritic ;
14011;fullProfessor;outdistances nettlers ;
14012;associateProfessor;pancaking tussocky disgorge ;
14013;assistantProfessor;gyving ;
14021;fullProfessor;steppes ;
14022;associateProfessor;benchmarked interrogatories ;
14023;assistantProfessor;fidgeting archimandrite ;
14031;fullProfessor;backwashes ;
14032;associateProfessor;viol ;
14033;assistantProfessor;citer shreds moonset ;
14041;fullProfessor;birthrates ;
14042;associateProfessor;husk recapturing ;
14043;assistantProfessor;strips expecting devoutness ;
14051;fullProfessor;harborless peopler pointed ;
14052;associateProfessor;draggier ;
14053;assistantProfessor;leverets soupiest truncates ;
14061;fullProfessor;legislators custodians obeyer ;14
14062;associateProfessor;mailers spurning progovernment ;
14063;assistantProfessor;preplanning ;
14072;associateProfessor;exhibitant impeached ;
14073;assistantProfessor;surfaces hefting ;
14082;associateProfessor;rollover ;
14092;associateProfessor;picks tatterdemalion ;
14102;associateProfessor;vertexes worthed ;
14112;associateProfessor;meetings minicar maladies ;
100001;fullProfessor;owns targets unaccented ;
100002;associateProfessor;blurring bursaries hagged ;
100003;assistantProfessor;incorrupted thrushes ;
100011;fullProfessor;progressions unscheduled oxidants ;
100012;associateProfessor;internationalize unpopularly ;
100013;assistantProfessor;packages blacks offers ;
100021;fullProfessor;bickerer scufflers ;
100022;associateProfessor;brigs ;
100023;assistantProfessor;silesia wrecks reformatories ;
100031;fullProfessor;credibility freezes tootlers ;
100032;associateProfessor;midriff vexedly ;
100033;assistantProfessor;aahed ;
100041;fullProfessor;bacteriotoxin baseboards duskily ;
100042;associateProfessor;fleabite oilskin ;
100043;assistantProfessor;earner threnody stearin ;
100051;fullProfessor;teargas disemploying ;100
100052;associateProfessor;diebacks sherlocks ;
100053;assistantProfessor;spatially bystanders ;
100061;fullProfessor;homunculi goatfish pixieish ;
100062;associateProfessor;reexhibit ;
100063;assistantProfessor;appendectomies alphabeted ;
100072;associateProfessor;jaybird behaves braids ;
100073;assistantProfessor;bowlines smartest skuas ;
100082;associateProfessor;outers envelopments ;
100083;assistantProfessor;superhighways throatiness hopefulness ;
100092;associateProfessor;pinpointed lunkers ;
100102;associateProfessor;hongkong cymbalists ;
100112;associateProfessor;meetings redried ;
101001;fullProfessor;appalachians ;
101002;associateProfessor;kitharas cubers ;
101003;assistantProfessor;arrestment adjustors ;
101011;fullProfessor;geysers theobromine misalliances ;
101012;associateProfessor;suitably stability thorax ;
101013;assistantProfessor;elates ;
101021;fullProfessor;porter ;
101022;associateProfessor;donuts jugsful ;
101023;assistantProfessor;mopey defunctive ;
101031;fullProfessor;spurts ;
101032;associateProfessor;enlightens racehorses vitalizes ;
101033;assistantProfessor;lassitude enlistee icecap ;
101041;fullProfessor;subofficer ;
101042;associateProfessor;plebiscite petrographer ;
101043;assistantProfessor;christianized ;
101051;fullProfessor;kerchoo trinketed photosphere ;
101052;associateProfessor;bullfighters overslips dewax ;
101053;assistantProfessor;proctored bowingly ichthyisms ;
101061;fullProfessor;isolationism ;
101062;associateProfessor;walkers ;
101063;assistantProfessor;mortuaries colored bisectional ;
101071;fullProfessor;tranquilized blunted ;101
101072;associateProfessor;berhymed resound wriggling ;
101073;assistantProfessor;enserfing ;
101082;associateProfessor;disunity melanesians perfuming ;
101083;assistantProfessor;warehousemen ciceros ;
101092;associateProfessor;cottager calicos ;
101093;assistantProfessor;storytelling danseuse minuteness ;
101102;associateProfessor;mouthing indigents ;
101112;associateProfessor;microanalytical regilt damagingly ;
101122;associateProfessor;emoters sortable ;
101132;associateProfessor;antineutron ;
102001;fullProfessor;gardened kebab ;
102002;associateProfessor;resection ;
102003;assistantProfessor;hoplite ;
102011;fullProfessor;greeny disloyalties ;102
102012;associateProfessor;suspectedness stamps ;
102013;assistantProfessor;braking listens ;
102021;fullProfessor;profanities ;
102022;associateProfessor;bricky ;
102023;assistantProfessor;reconverts adenoids ;
102031;fullProfessor;seiners disconcerted cumshaws ;
102032;associateProfessor;sententiously ;
102033;assistantProfessor;armed extremeness ;
102041;fullProfessor;indignities huntings restuff ;
102042;associateProfessor;subdued pharyngeal ;
102043;assistantProfessor;lignification boutonnieres noter ;
102051;fullProfessor;haversacks ;
102052;associateProfessor;georgians shit islands ;
102053;assistantProfessor;steepened hematinic ullage ;
102061;fullProfessor;bedamn ;
102062;associateProfessor;ritzier nonego ;
102063;assistantProfessor;unabbreviated ;
102071;fullProfessor;trapeziums paddlings rotator ;
102072;associateProfessor;stenographically cardioids ;
102073;assistantProfessor;overestimate anoraks ;
102081;fullProfessor;versant ;
102082;associateProfessor;nonesuches acknowledgedly ;
102092;associateProfessor;cleanly reeved ;
102102;associateProfessor;gismos ordinarier ;
102112;associateProfessor;housesat draying scoldingly ;
103001;fullProfessor;gentiles ;
103002;associateProfessor;antipole overpopulate closures ;
103003;assistantProfessor;alchemical jumpoffs poseurs ;
103011;fullProfessor;impenetrably cordilleran darneder ;
103012;associateProfessor;pricing rauwolfia ;
103013;assistantProfessor;snippiness scandinavian ;
103021;fullProfessor;filching ;103
103022;associateProfessor;enigmas ;
103023;assistantProfessor;dueling individuality ;
103031;fullProfessor;pairings equivalencies homestretches ;
103032;associateProfessor;gelignite grecizes dystrophies ;
103033;assistantProfessor;nexuses ;
103041;fullProfessor;seditiousness sapiently gunned ;
103042;associateProfessor;biased graveled ;
103043;assistantProfessor;reconsider grandee gesticulated ;
103051;fullProfessor;cheapskates ;
103052;associateProfessor;denudes splotching noneducable ;
103053;assistantProfessor;satiny ;
103061;fullProfessor;diasporas ;
103062;associateProfessor;overinsure relishing ungodly ;
103063;assistantProfessor;bogies totemist garrulousness ;
103071;fullProfessor;cosponsored infiltrators ;
103072;associateProfessor;salter ;
103073;assistantProfessor;moderatorship humdinger hackneys ;
103081;fullProfessor;worriment presumptions ;
103082;associateProfessor;stratification ungentlemanly ;
103083;assistantProfessor;samplings swayback unofficiously ;
103092;associateProfessor;espaliered mosaics reinstalling ;
103093;assistantProfessor;bootlicks started ;
103102;associateProfessor;werewolf ;
103103;assistantProfessor;stabilities kaleyards ;
103112;associateProfessor;cesareans stemmy anticlines ;
103122;associateProfessor;wildfowl shush extinction ;
103132;associateProfessor;identifying ;
104001;fullProfessor;delimits obliterating ;
104002;associateProfessor;spendthriftiness ;
104003;assistantProfessor;monochrome needler ;
104011;fullProfessor;twattle ;
104012;associateProfessor;passible assorter converted ;
104013;assistantProfessor;neuralgic dieter estimation ;
104021;fullProfessor;calx ;104
104022;associateProfessor;junkie hexer ;
104023;assistantProfessor;restrung softness romances ;
104031;fullProfessor;florescence ;
104032;associateProfessor;cameleer woad ;
104033;assistantProfessor;glanced convoked ;
104041;fullProfessor;lollypop overbakes uncashed ;
104042;associateProfessor;typecasts poorer ;
104043;assistantProfessor;scatterbrains ;
104051;fullProfessor;demonstrative topographic ;
104052;associateProfessor;haft lindens pulsars ;
104053;assistantProfessor;confesses hooter ;
104061;fullProfessor;verite beggars ;
104062;associateProfessor;describing squirmer ;
104063;assistantProfessor;commercialist kenosis ;
104072;associateProfessor;recant mailer deferentially ;
104073;assistantProfessor;preempting ensnares ;
104082;associateProfessor;livingly blinks overdiversify ;
104083;assistantProfessor;antimatter ;
104092;associateProfessor;hydroponics doers ;
104093;assistantProfessor;cuscus tantalization ;
104102;associateProfessor;saltily rungless clamor ;
104112;associateProfessor;underproduce splotches implemented ;
104122;associateProfessor;intimated immotile relabelled ;
104132;associateProfessor;govt noneducational ;
105001;fullProfessor;overtired dishware ;105
105002;associateProfessor;gesundheit phantasmagories ;
105003;assistantProfessor;theftproof ;
105011;fullProfessor;deteriorated skyrocketed crudeness ;
105012;associateProfessor;outstare ;
105013;assistantProfessor;ferules forebodings ;
105021;fullProfessor;resown punchy ;
105022;associateProfessor;antecedence staphylococcic oleos ;
105023;assistantProfessor;brokage tankship unclaimed ;
105031;fullProfessor;hydrospheres sleights artificers ;
105032;associateProfessor;unscrupulous slubs congeals ;
105033;assistantProfessor;subchiefs lowish viler ;
105041;fullProfessor;concertmasters eyestones divorcer ;
105042;associateProfessor;nerved havocked peter ;
105043;assistantProfessor;harelike imperii inaugurated ;
105051;fullProfessor;buffos affords ;
105052;associateProfessor;periscopes regardless parsimoniousness ;
105053;assistantProfessor;clarioned disgruntling ;
105061;fullProfessor;unstop broadness ;
105062;associateProfessor;blesseder subsidizations marxist ;
105063;assistantProfessor;piecers masoned ;
105071;fullProfessor;batsmen complaisantly ;
105072;associateProfessor;recapitalizes ;
105073;assistantProfessor;tasseling variating horas ;
105081;fullProfessor;nauseously ;
105082;associateProfessor;accelerates queueing ;
105083;assistantProfessor;fiberglass sideswipes ;
105092;associateProfessor;helot muskeg dunghill ;
105093;assistantProfessor;craggier baddy reinflames ;
105102;associateProfessor;goofball anorexias noggin ;
105112;associateProfessor;inferiorities windproof ;
106001;fullProfessor;sliceable ;
106002;associateProfessor;chartings ;
106003;assistantProfessor;trashman kentuckian descending ;
106011;fullProfessor;gonocytes cadmic aggregative ;
106012;associateProfessor;temporaries catcher diverged ;
106013;assistantProfessor;enlighten ;
106021;fullProfessor;quietness ;
106022;associateProfessor;sightlessness ;
106023;assistantProfessor;unlawfulness fusel etherizing ;
106031;fullProfessor;tinkliest delusional confronting ;
106032;associateProfessor;dottiest aitch cloistering ;
106033;assistantProfessor;homemaking ;
106041;fullProfessor;devotedly ;106
106042;associateProfessor;goading niters fireplugs ;
106043;assistantProfessor;solider glossing characteristics ;
106051;fullProfessor;bullwhip nonvocal anitinstitutionalism ;
106052;associateProfessor;hollyhocks infixed snapless ;
106053;assistantProfessor;unbiased nominally ;
106061;fullProfessor;malices robotizes ;
106062;associateProfessor;yelper ;
106063;assistantProfessor;vented compromises ;
106071;fullProfessor;extemporaneously sectaries fubsier ;
106072;associateProfessor;multifaced proliferating ;
106073;assistantProfessor;revested strengthens ;
106081;fullProfessor;refilter ;
106082;associateProfessor;keratoid ;
106083;assistantProfessor;unburned countersinking exiles ;
106091;fullProfessor;angstroms privacies wofully ;
106092;associateProfessor;willingness vaunty institutional ;
106093;assistantProfessor;recyclability kennels threesomes ;
106102;associateProfessor;credits ;
106103;assistantProfessor;rightfully ballpoints afterdecks ;
107001;fullProfessor;cancellation flanger luau ;
107002;associateProfessor;immanency ;
107003;assistantProfessor;longshoreman oomph ;
107011;fullProfessor;disenfranchising ;107
107012;associateProfessor;bedstands antidepressive ;
107013;assistantProfessor;toadyisms merrymaking ;
107021;fullProfessor;squinting disengage oratress ;
107022;associateProfessor;promises ;
107023;assistantProfessor;pulsation frictionless interties ;
107031;fullProfessor;octanes ;
107032;associateProfessor;dehumidifies ;
107033;assistantProfessor;czechoslovaks helmets lees ;
107041;fullProfessor;cubit waterborne attacher ;
107042;associateProfessor;cyanosed grazier ;
107043;assistantProfessor;abreacts emboldening ;
107051;fullProfessor;trailers ;
107052;associateProfessor;affluents ;
107053;assistantProfessor;meritoriously ;
107061;fullProfessor;antedating delphinia worshipped ;
107062;associateProfessor;notes pyx teratologic ;
107063;assistantProfessor;overwrote ;
107071;fullProfessor;pulings projectionists smugly ;
107072;associateProfessor;silvern trashiest rewarms ;
107073;assistantProfessor;advents ;
107081;fullProfessor;transmits nondemocratic relaxants ;
107082;associateProfessor;glazes flashlamp dybbuk ;
107083;assistantProfessor;demureness ;
107091;fullProfessor;drownding ;
107092;associateProfessor;geysers pinchpenny gels ;
107093;assistantProfessor;trots jerrycan ;
107102;associateProfessor;misconstructions ;
107103;assistantProfessor;gummier improvisor debases ;
107112;associateProfessor;authoritativeness ;
108001;fullProfessor;mariachis ;108
108002;associateProfessor;scowled witchier cuprites ;
108003;assistantProfessor;archaisms personality unbounded ;
108011;fullProfessor;travoises banknote ;
108012;associateProfessor;superannuating quarte ;
108013;assistantProfessor;anapest reascents ;
108021;fullProfessor;wrapped resistantly recolor ;
108022;associateProfessor;caftans playacts amelioration ;
108023;assistantProfessor;kineses ;
108031;fullProfessor;deviation wittingly dalmatians ;
108032;associateProfessor;retranslates ;
108033;assistantProfessor;skewness ;
108041;fullProfessor;enshrined ;
108042;associateProfessor;taffrails intoners ;
108043;assistantProfessor;exacerbates ;
108051;fullProfessor;antlered ;
108052;associateProfessor;worthless corollas ;
108053;assistantProfessor;manslayers violinists ;
108061;fullProfessor;revisionism miscopied ;
108062;associateProfessor;audads strangling wahines ;
108063;assistantProfessor;signorine haggises medievalists ;
108071;fullProfessor;indestructibility throating ;
108072;associateProfessor;dietetically instiller impended ;
108073;assistantProfessor;unrest ;
108082;associateProfessor;panthers sideswipe evinces ;
108083;assistantProfessor;queerness ;
108092;associateProfessor;skated tusking ;
108093;assistantProfessor;tzarevnas remunerated phonographic ;
109001;fullProfessor;warningly coliforms ;
109002;associateProfessor;prejudiced magnanimousness associatively ;
109003;assistantProfessor;celestes ballistically ;
109011;fullProfessor;rockfall ;
109012;associateProfessor;dotier suffragist aesop ;
109013;assistantProfessor;mayweeds cruncher pileate ;
109021;fullProfessor;clinked caliphates ;
109022;associateProfessor;ornerier ;
109023;assistantProfessor;viewless ;
109031;fullProfessor;unneighborly ;
109032;associateProfessor;mistrustfulness ;
109033;assistantProfessor;sensations autarky beechy ;
109041;fullProfessor;champing thoughtlessly uniting ;
109042;associateProfessor;conurbation octopi ;
109043;assistantProfessor;landladies individuality interstate ;
109051;fullProfessor;composed ;
109052;associateProfessor;unworkable dishonorable titivate ;
109053;assistantProfessor;dragrope backs ;
109061;fullProfessor;dallying ;109
109062;associateProfessor;aretes ;
109063;assistantProfessor;cesarian shrifts ;
109071;fullProfessor;tracer ;
109072;associateProfessor;depopulator recrates chiasms ;
109073;assistantProfessor;milfoils bracers ;
109081;fullProfessor;tora vulcanizing ;
109082;associateProfessor;caws forebode tallyhoing ;
109083;assistantProfessor;hyphenating subcultures ;
109092;associateProfessor;metalloidal knacked forearming ;
109102;associateProfessor;attackingly ;
109112;associateProfessor;relinquishes tennesseeans ;
110001;fullProfessor;thickened ;
110002;associateProfessor;faculae ;
110003;assistantProfessor;sotted ;
110011;fullProfessor;pelletized threnodes ;
110012;associateProfessor;puddlings ;
110013;assistantProfessor;tempi heparin electroplating ;
110021;fullProfessor;yeggs ;
110022;associateProfessor;aggregative kopecks funerals ;
110023;assistantProfessor;canonists lupines recruitment ;
110031;fullProfessor;feebly grassed ;
110032;associateProfessor;polyvinyl ;
110033;assistantProfessor;washbasins overstepped ;
110041;fullProfessor;bisected transoms ;
110042;associateProfessor;diagrammer ;
110043;assistantProfessor;disabusing ;
110051;fullProfessor;foreknow orthopedically plenipotentiaries ;
110052;associateProfessor;fertilizations djellabas graces ;
110053;assistantProfessor;undelivered sillers ;
110061;fullProfessor;intactness clamworm ;110
110062;associateProfessor;travelers ;
110063;assistantProfessor;permeation ;
110071;fullProfessor;newer ;
110072;associateProfessor;spillers ;
110073;assistantProfessor;unconstitutionally disencumbered combined ;
110081;fullProfessor;compactest noninheritable dashers ;
110082;associateProfessor;possibility lactates ;
110083;assistantProfessor;collected petulantly squeaking ;
110091;fullProfessor;condoled ;
110092;associateProfessor;barnier ;
110093;assistantProfessor;affliction interpreted copped ;
110102;associateProfessor;beakless ;
110103;assistantProfessor;precipitancy ;
110112;associateProfessor;rebaptizes pachysandra ;
111001;fullProfessor;surveiled ;
111002;associateProfessor;timing ;
111003;assistantProfessor;upbraids ;
111011;fullProfessor;applying retrieved bisons ;
111012;associateProfessor;chemotherapeuticness ;
111013;assistantProfessor;decriminalize broachers purser ;
111021;fullProfessor;nonunions concussed openhanded ;
111022;associateProfessor;unshackling ;
111023;assistantProfessor;cardiography hippie ;
111031;fullProfessor;shuttering begone ;
111032;associateProfessor;ruptures ;
111033;assistantProfessor;bhaktis blinding ;
111041;fullProfessor;lopers assignees ;
111042;associateProfessor;suspectable rhyming ;
111043;assistantProfessor;libbed hellboxes conductors ;
111051;fullProfessor;molies cachepot imperforate ;111
111052;associateProfessor;diglots ;
111053;assistantProfessor;physicals reticulation ;
111061;fullProfessor;democratically besot ;
111062;associateProfessor;indentors welshwoman percenter ;
111063;assistantProfessor;pounds ;
111072;associateProfessor;tyrannies flurries hopes ;
111073;assistantProfessor;worthlessness preassigning ;
111082;associateProfessor;anticommunists swampier ;
111092;associateProfessor;startler fightings teems ;
112001;fullProfessor;hydrating ;
112002;associateProfessor;brindled ;
112003;assistantProfessor;collarless outcomes waterier ;
112011;fullProfessor;necessariness devilment coif ;
112012;associateProfessor;scarcity boohoo react ;
112013;assistantProfessor;respecters amebean ;
112021;fullProfessor;vaporishness claimed gainfully ;
112022;associateProfessor;carracks shellacking chiefs ;
112023;assistantProfessor;alphabetizing malfeasance ;
112031;fullProfessor;restrains deigned ;
112032;associateProfessor;dowsing ;
112033;assistantProfessor;profligately ;
112041;fullProfessor;quintar schusses granting ;
112042;associateProfessor;warmed volleys ;
112043;assistantProfessor;vulgarian shrouded electrophoresing ;
112051;fullProfessor;toddler freeholds ;112
112052;associateProfessor;orderer sealery pointe ;
112053;assistantProfessor;miotic flossies ;
112061;fullProfessor;daft effector devoutly ;
112062;associateProfessor;grudges ordo blesseder ;
112063;assistantProfessor;soapboxes plumpest ;
112071;fullProfessor;chapeau ;
112072;associateProfessor;repertories ;
112073;assistantProfessor;recommissioned ;
112081;fullProfessor;peeve ;
112082;associateProfessor;externals remeets ;
112083;assistantProfessor;provisions restless ;
112091;fullProfessor;sinistrally winnower reinfusion ;
112092;associateProfessor;strath escoting desoxyribonucleic ;
112102;associateProfessor;aesthetics tatted nonconformity ;
112112;associateProfessor;brightens reaccredits scheduling ;
112122;associateProfessor;arbitral quartzes ;
113001;fullProfessor;rewords ;
113002;associateProfessor;sanctum piney oxbloods ;
113003;assistantProfessor;extrudes technologists stepdames ;
113011;fullProfessor;disinclined ;
113012;associateProfessor;pantie laager epilogues ;
113013;assistantProfessor;negus aftershaves ;
113021;fullProfessor;unsnarling dimpled ;
113022;associateProfessor;anticorrosive ;
113023;assistantProfessor;umpteenth skilful taperingly ;
113031;fullProfessor;uniters ;
113032;associateProfessor;reeved blowoffs vicarly ;
113033;assistantProfessor;rebels cinching ;
113041;fullProfessor;troths gigue ;113
113042;associateProfessor;proctors garrottes ;
113043;assistantProfessor;baiters cornballs unexplainably ;
113051;fullProfessor;embrocating ;
113052;associateProfessor;regularizes ;
113053;assistantProfessor;disturbed mayflowers retying ;
113061;fullProfessor;wilds emphasizes pics ;
113062;associateProfessor;classing intelligibility creaminess ;
113063;assistantProfessor;asyndeta bistro fathered ;
113071;fullProfessor;beckons loveably playgoer ;
113072;associateProfessor;recusing afterburners ;
113073;assistantProfessor;muling ;
113081;fullProfessor;reburials regulative ;
113082;associateProfessor;ahimsas buskined ;
113083;assistantProfessor;fumigating inspectorate ;
113091;fullProfessor;footrests sones ;
113092;associateProfessor;diminutions stonable ;
113102;associateProfessor;rationed duplexs dichotic ;
113112;associateProfessor;warmest ;
113122;associateProfessor;unseen aviators ;
114001;fullProfessor;kedges ;114
114002;associateProfessor;ambuscades destroyers ;
114003;assistantProfessor;habitualness overlapped swagger ;
114011;fullProfessor;togas milkwood ;
114012;associateProfessor;aubades ;
114013;assistantProfessor;yabber ;
114021;fullProfessor;simp exorcisers ;
114022;associateProfessor;codifies ;
114023;assistantProfessor;afterburners bridled ;
114031;fullProfessor;endorsement preoccupies ;
114032;associateProfessor;arresting usuriously dehumanization ;
114033;assistantProfessor;misgive irrupted shininess ;
114041;fullProfessor;nougats kremlinology blandness ;
114042;associateProfessor;tendons victress unionism ;
114043;assistantProfessor;tetany seraphically ;
114051;fullProfessor;hypnotizing clitorises ;
114052;associateProfessor;unalarming unbrotherly blousing ;
114053;assistantProfessor;disorientating sadisms quarterings ;
114061;fullProfessor;tosses honed xylophonist ;
114062;associateProfessor;stockpot condensates ;
114063;assistantProfessor;leniently nothingness ;
114072;associateProfessor;beltway intellectualism ;
114073;assistantProfessor;ribbed petro ;
114082;associateProfessor;ambassadors mesalliance ;
114083;assistantProfessor;xvi imperilments ;
114092;associateProfessor;reckoned gorget faultier ;
114093;assistantProfessor;limburger foilable whipsaws ;
115001;fullProfessor;ramified ;
115002;associateProfessor;eidola ;
115003;assistantProfessor;benignly ;
115011;fullProfessor;remelting ;
115012;associateProfessor;clownish sandbank jiggered ;
115013;assistantProfessor;enjoyably powerboat dought ;
115021;fullProfessor;chicness ;
115022;associateProfessor;inbounds ;
115023;assistantProfessor;modifiable promising pipedream ;
115031;fullProfessor;sigil nonregistered ;
115032;associateProfessor;conditionally ;
115033;assistantProfessor;hipping stomachy ;
115041;fullProfessor;swivets laryngectomies immolation ;115
115042;associateProfessor;gnarled mumper ;
115043;assistantProfessor;enjoin highborn soporific ;
115051;fullProfessor;blinkering ;
115052;associateProfessor;nutrients ;
115053;assistantProfessor;handrails droning ;
115061;fullProfessor;sublimity ;
115062;associateProfessor;pierrots ;
115063;assistantProfessor;gyrose ;
115072;associateProfessor;bashfully pellmell ;
115073;assistantProfessor;caliphal genet ;
115082;associateProfessor;trees previewed ;
115083;assistantProfessor;uncritically ;
115092;associateProfessor;querying ;
115093;assistantProfessor;supplanting amassment ;
115102;associateProfessor;ragas ;
115112;associateProfessor;radiotherapies ;
115122;associateProfessor;religiousness whist ;
115132;associateProfessor;fides lodicules mislies ;
116001;fullProfessor;bartends blooping itchings ;
116002;associateProfessor;handholds ;
116003;assistantProfessor;carryings praising ;
116011;fullProfessor;ranging petiolate truculence ;
116012;associateProfessor;axiality ;
116013;assistantProfessor;lushed amerces surmountable ;
116021;fullProfessor;ampuls strew ;
116022;associateProfessor;beaucoup ;
116023;assistantProfessor;unboundedly ;
116031;fullProfessor;teargassed womanizer harts ;
116032;associateProfessor;stopcocks ;
116033;assistantProfessor;catabolizing ;
116041;fullProfessor;rootless ;
116042;associateProfessor;twisting emasculation ;
116043;assistantProfessor;hurriedness boondocks frailer ;
116051;fullProfessor;reorganize ;
116052;associateProfessor;axiality ;
116053;assistantProfessor;gats ;
116061;fullProfessor;priggishly wildfowl sanitarian ;
116062;associateProfessor;insphering heteros ;
116063;assistantProfessor;criminalness benzyl ;
116071;fullProfessor;humuses ciliates lurkers ;
116072;associateProfessor;engulfs ;
116073;assistantProfessor;crepier cryptograph jitters ;
116081;fullProfessor;libertarianism ;
116082;associateProfessor;desecration nagger ;
116083;assistantProfessor;classicism ;
116091;fullProfessor;reproduced ;116
116092;associateProfessor;vitiation woodchuck ;
116093;assistantProfessor;deducted gesundheit varnishes ;
116102;associateProfessor;moonier ethicals ;
116103;assistantProfessor;clobbered ;
116112;associateProfessor;proclaiming professed ;
117001;fullProfessor;goodish cleverish legitimized ;
117002;associateProfessor;annualized ;
117003;assistantProfessor;reinforcing belletrist ;
117011;fullProfessor;basset ;
117012;associateProfessor;roentgenoscopy ;
117013;assistantProfessor;communicativeness salivating ;
117021;fullProfessor;raddle ;
117022;associateProfessor;iroquoians ransacking ;
117023;assistantProfessor;rishi ;
117031;fullProfessor;stuccoes outbalancing overpessimistic ;
117032;associateProfessor;shootings ;
117033;assistantProfessor;stupefying mobbing ;
117041;fullProfessor;fusspot upsurging charts ;
117042;associateProfessor;refroze univ ;
117043;assistantProfessor;pinworms epigrams colonizer ;
117051;fullProfessor;greasewood ;
117052;associateProfessor;errands absorbency ;
117053;assistantProfessor;recruitment paperboys styptics ;
117061;fullProfessor;hostessed ;117
117062;associateProfessor;dichotomously ;
117063;assistantProfessor;bosoming seismometer ;
117071;fullProfessor;ribbers propellent molted ;
117072;associateProfessor;sideward straightest illumination ;
117073;assistantProfessor;offerings resorters ultimacy ;
117082;associateProfessor;biotical ;
117083;assistantProfessor;tonneaux smatterings biophysiography ;
117092;associateProfessor;bridled seraphic rehabilitated ;
117093;assistantProfessor;incinerator photoelectron ;
117102;associateProfessor;ballets alienees ;
117103;assistantProfessor;gravitations transmissions ;
117112;associateProfessor;apodal ;
117122;associateProfessor;calliopes sixthly ;