nr;name;teacher
2;graduateCourse0;1
12;graduateCourse1;1
22;graduateCourse2;11
32;graduateCourse3;21
42;graduateCourse4;31
52;graduateCourse5;31
62;graduateCourse6;41
72;graduateCourse7;41
82;graduateCourse8;51
92;graduateCourse9;51
102;graduateCourse10;61
112;graduateCourse11;71
122;graduateCourse12;71
132;graduateCourse13;81
142;graduateCourse14;81
152;graduateCourse15;91
162;graduateCourse16;91
172;graduateCourse17;2
182;graduateCourse18;2
192;graduateCourse19;12
202;graduateCourse20;12
212;graduateCourse21;22
222;graduateCourse22;22
232;graduateCourse23;32
242;graduateCourse24;42
252;graduateCourse25;52
262;graduateCourse26;62
272;graduateCourse27;72
282;graduateCourse28;72
292;graduateCourse29;82
302;graduateCourse30;82
312;graduateCourse31;92
322;graduateCourse32;102
332;graduateCourse33;102
342;graduateCourse34;112
352;graduateCourse35;112
362;graduateCourse36;122
372;graduateCourse37;132
382;graduateCourse38;132
392;graduateCourse39;3
402;graduateCourse40;3
412;graduateCourse41;13
422;graduateCourse42;23
432;graduateCourse43;23
442;graduateCourse44;33
452;graduateCourse45;43
462;graduateCourse46;53
472;graduateCourse47;53
482;graduateCourse48;63
492;graduateCourse49;63
502;graduateCourse50;73
512;graduateCourse51;73
522;graduateCourse52;83
532;graduateCourse53;83
542;graduateCourse54;93
552;graduateCourse55;93
562;graduateCourse56;4
572;graduateCourse57;14
582;graduateCourse58;14
592;graduateCourse59;24
602;graduateCourse60;34
612;graduateCourse61;34
622;graduateCourse62;44
632;graduateCourse63;44
642;graduateCourse64;54
652;graduateCourse65;54
662;graduateCourse66;64
1002;graduateCourse0;1001
1012;graduateCourse1;1001
1022;graduateCourse2;1011
1032;graduateCourse3;1021
1042;graduateCourse4;1031
1052;graduateCourse5;1041
1062;graduateCourse6;1051
1072;graduateCourse7;1051
1082;graduateCourse8;1061
1092;graduateCourse9;1071
1102;graduateCourse10;1081
1112;graduateCourse11;1091
1122;graduateCourse12;1002
1132;graduateCourse13;1012
1142;graduateCourse14;1012
1152;graduateCourse15;1022
1162;graduateCourse16;1022
1172;graduateCourse17;1032
1182;graduateCourse18;1042
1192;graduateCourse19;1042
1202;graduateCourse20;1052
1212;graduateCourse21;1052
1222;graduateCourse22;1062
1232;graduateCourse23;1072
1242;graduateCourse24;1072
1252;graduateCourse25;1082
1262;graduateCourse26;1092
1272;graduateCourse27;1003
1282;graduateCourse28;1003
1292;graduateCourse29;1013
1302;graduateCourse30;1023
1312;graduateCourse31;1023
1322;graduateCourse32;1033
1332;graduateCourse33;1033
1342;graduateCourse34;1043
1352;graduateCourse35;1053
1362;graduateCourse36;1063
1372;graduateCourse37;1073
1382;graduateCourse38;1004
1392;graduateCourse39;1014
1402;graduateCourse40;1024
1412;graduateCourse41;1034
1422;graduateCourse42;1034
1432;graduateCourse43;1044
1442;graduateCourse44;1054
1452;graduateCourse45;1054
2002;graduateCourse0;2001
2012;graduateCourse1;2001
2022;graduateCourse2;2011
2032;graduateCourse3;2021
2042;graduateCourse4;2031
2052;graduateCourse5;2041
2062;graduateCourse6;2051
2072;graduateCourse7;2051
2082;graduateCourse8;2061
2092;graduateCourse9;2002
2102;graduateCourse10;2002
2112;graduateCourse11;2012
2122;graduateCourse12;2012
2132;graduateCourse13;2022
2142;graduateCourse14;2022
2152;graduateCourse15;2032
2162;graduateCourse16;2032
2172;graduateCourse17;2042
2182;graduateCourse18;2052
2192;graduateCourse19;2062
2202;graduateCourse20;2072
2212;graduateCourse21;2072
2222;graduateCourse22;2082
2232;graduateCourse23;2092
2242;graduateCourse24;2092
2252;graduateCourse25;2102
2262;graduateCourse26;2102
2272;graduateCourse27;2112
2282;graduateCourse28;2003
2292;graduateCourse29;2013
2302;graduateCourse30;2023
2312;graduateCourse31;2033
2322;graduateCourse32;2043
2332;graduateCourse33;2053
2342;graduateCourse34;2053
2352;graduateCourse35;2063
2362;graduateCourse36;2073
2372;graduateCourse37;2004
2382;graduateCourse38;2004
2392;graduateCourse39;2014
2402;graduateCourse40;2024
2412;graduateCourse41;2034
2422;graduateCourse42;2034
2432;graduateCourse43;2044
2442;graduateCourse44;2044
2452;graduateCourse45;2054
2462;graduateCourse46;2064
3002;graduateCourse0;3001
3012;graduateCourse1;3011
3022;graduateCourse2;3011
3032;graduateCourse3;3021
3042;graduateCourse4;3031
3052;graduateCourse5;3031
3062;graduateCourse6;3041
3072;graduateCourse7;3041
3082;graduateCourse8;3051
3092;graduateCourse9;3051
3102;graduateCourse10;3061
3112;graduateCourse11;3071
3122;graduateCourse12;3071
3132;graduateCourse13;3081
3142;graduateCourse14;3081
3152;graduateCourse15;3002
3162;graduateCourse16;3002
3172;graduateCourse17;3012
3182;graduateCourse18;3012
3192;graduateCourse19;3022
3202;graduateCourse20;3022
3212;graduateCourse21;3032
3222;graduateCourse22;3042
3232;graduateCourse23;3042
3242;graduateCourse24;3052
3252;graduateCourse25;3062
3262;graduateCourse26;3072
3272;graduateCourse27;3072
3282;graduateCourse28;3082
3292;graduateCourse29;3082
3302;graduateCourse30;3092
3312;graduateCourse31;3102
3322;graduateCourse32;3102
3332;graduateCourse33;3112
3342;graduateCourse34;3003
3352;graduateCourse35;3013
3362;graduateCourse36;3023
3372;graduateCourse37;3023
3382;graduateCourse38;3033
3392;graduateCourse39;3033
3402;graduateCourse40;3043
3412;graduateCourse41;3043
3422;graduateCourse42;3053
3432;graduateCourse43;3063
3442;graduateCourse44;3063
3452;graduateCourse45;3073
3462;graduateCourse46;3073
3472;graduateCourse47;3083
3482;graduateCourse48;3083
3492;graduateCourse49;3093
3502;graduateCourse50;3093
3512;graduateCourse51;3004
3522;graduateCourse52;3004
3532;graduateCourse53;3014
3542;graduateCourse54;3024
3552;graduateCourse55;3034
3562;graduateCourse56;3044
3572;graduateCourse57;3054
4002;graduateCourse0;4001
4012;graduateCourse1;4011
4022;graduateCourse2;4021
4032;graduateCourse3;4031
4042;graduateCourse4;4041
4052;graduateCourse5;4051
4062;graduateCourse6;4061
4072;graduateCourse7;4061
4082;graduateCourse8;4002
4092;graduateCourse9;4002
4102;graduateCourse10;4012
4112;graduateCourse11;4012
4122;graduateCourse12;4022
4132;graduateCourse13;4022
4142;graduateCourse14;4032
4152;graduateCourse15;4042
4162;graduateCourse16;4042
4172;graduateCourse17;4052
4182;graduateCourse18;4062
4192;graduateCourse19;4062
4202;graduateCourse20;4072
4212;graduateCourse21;4072
4222;graduateCourse22;4082
4232;graduateCourse23;4092
4242;graduateCourse24;4003
4252;graduateCourse25;4013
4262;graduateCourse26;4013
4272;graduateCourse27;4023
4282;graduateCourse28;4023
4292;graduateCourse29;4033
4302;graduateCourse30;4033
4312;graduateCourse31;4043
4322;graduateCourse32;4053
4332;graduateCourse33;4063
4342;graduateCourse34;4063
4352;graduateCourse35;4073
4362;graduateCourse36;4083
4372;graduateCourse37;4083
4382;graduateCourse38;4093
4392;graduateCourse39;4093
4402;graduateCourse40;4004
4412;graduateCourse41;4004
4422;graduateCourse42;4014
4432;graduateCourse43;4014
4442;graduateCourse44;4024
4452;graduateCourse45;4034
4462;graduateCourse46;4044
4472;graduateCourse47;4044
4482;graduateCourse48;4054
4492;graduateCourse49;4054
4502;graduateCourse50;4064
5002;graduateCourse0;5001
5012;graduateCourse1;5001
5022;graduateCourse2;5011
5032;graduateCourse3;5021
5042;graduateCourse4;5031
5052;graduateCourse5;5041
5062;graduateCourse6;5051
5072;graduateCourse7;5061
5082;graduateCourse8;5061
5092;graduateCourse9;5071
5102;graduateCourse10;5071
5112;graduateCourse11;5081
5122;graduateCourse12;5081
5132;graduateCourse13;5091
5142;graduateCourse14;5091
5152;graduateCourse15;5002
5162;graduateCourse16;5012
5172;graduateCourse17;5022
5182;graduateCourse18;5022
5192;graduateCourse19;5032
5202;graduateCourse20;5042
5212;graduateCourse21;5052
5222;graduateCourse22;5062
5232;graduateCourse23;5062
5242;graduateCourse24;5072
5252;graduateCourse25;5082
5262;graduateCourse26;5092
5272;graduateCourse27;5102
5282;graduateCourse28;5102
5292;graduateCourse29;5003
5302;graduateCourse30;5003
5312;graduateCourse31;5013
5322;graduateCourse32;5013
5332;graduateCourse33;5023
5342;graduateCourse34;5023
5352;graduateCourse35;5033
5362;graduateCourse36;5033
5372;graduateCourse37;5043
5382;graduateCourse38;5053
5392;graduateCourse39;5063
5402;graduateCourse40;5063
5412;graduateCourse41;5073
5422;graduateCourse42;5004
5432;graduateCourse43;5014
5442;graduateCourse44;5014
5452;graduateCourse45;5024
5462;graduateCourse46;5024
5472;graduateCourse47;5034
5482;graduateCourse48;5044
5492;graduateCourse49;5054
6002;graduateCourse0;6001
6012;graduateCourse1;6001
6022;graduateCourse2;6011
6032;graduateCourse3;6021
6042;graduateCourse4;6021
6052;graduateCourse5;6031
6062;graduateCourse6;6041
6072;graduateCourse7;6051
6082;graduateCourse8;6061
6092;graduateCourse9;6071
6102;graduateCourse10;6071
6112;graduateCourse11;6081
6122;graduateCourse12;6091
6132;graduateCourse13;6002
6142;graduateCourse14;6002
6152;graduateCourse15;6012
6162;graduateCourse16;6012
6172;graduateCourse17;6022
6182;graduateCourse18;6032
6192;graduateCourse19;6032
6202;graduateCourse20;6042
6212;graduateCourse21;6042
6222;graduateCourse22;6052
6232;graduateCourse23;6062
6242;graduateCourse24;6072
6252;graduateCourse25;6082
6262;graduateCourse26;6082
6272;graduateCourse27;6092
6282;graduateCourse28;6003
6292;graduateCourse29;6003
6302;graduateCourse30;6013
6312;graduateCourse31;6023
6322;graduateCourse32;6033
6332;graduateCourse33;6043
6342;graduateCourse34;6043
6352;graduateCourse35;6053
6362;graduateCourse36;6053
6372;graduateCourse37;6063
6382;graduateCourse38;6063
6392;graduateCourse39;6073
6402;graduateCourse40;6004
6412;graduateCourse41;6004
6422;graduateCourse42;6014
6432;graduateCourse43;6014
6442;graduateCourse44;6024
6452;graduateCourse45;6034
6462;graduateCourse46;6044
6472;graduateCourse47;6054
7002;graduateCourse0;7001
7012;graduateCourse1;7001
7022;graduateCourse2;7011
7032;graduateCourse3;7021
7042;graduateCourse4;7021
7052;graduateCourse5;7031
7062;graduateCourse6;7031
7072;graduateCourse7;7041
7082;graduateCourse8;7041
7092;graduateCourse9;7051
7102;graduateCourse10;7051
7112;graduateCourse11;7061
7122;graduateCourse12;7061
7132;graduateCourse13;7002
7142;graduateCourse14;7012
7152;graduateCourse15;7022
7162;graduateCourse16;7032
7172;graduateCourse17;7042
7182;graduateCourse18;7052
7192;graduateCourse19;7052
7202;graduateCourse20;7062
7212;graduateCourse21;7062
7222;graduateCourse22;7072
7232;graduateCourse23;7082
7242;graduateCourse24;7082
7252;graduateCourse25;7092
7262;graduateCourse26;7102
7272;graduateCourse27;7112
7282;graduateCourse28;7122
7292;graduateCourse29;7122
7302;graduateCourse30;7132
7312;graduateCourse31;7132
7322;graduateCourse32;7003
7332;graduateCourse33;7003
7342;graduateCourse34;7013
7352;graduateCourse35;7013
7362;graduateCourse36;7023
7372;graduateCourse37;7033
7382;graduateCourse38;7043
7392;graduateCourse39;7053
7402;graduateCourse40;7053
7412;graduateCourse41;7063
7422;graduateCourse42;7063
7432;graduateCourse43;7073
7442;graduateCourse44;7073
7452;graduateCourse45;7083
7462;graduateCourse46;7083
7472;graduateCourse47;7093
7482;graduateCourse48;7093
7492;graduateCourse49;7004
7502;graduateCourse50;7014
7512;graduateCourse51;7014
7522;graduateCourse52;7024
7532;graduateCourse53;7034
7542;graduateCourse54;7034
7552;graduateCourse55;7044
7562;graduateCourse56;7054
7572;graduateCourse57;7054
8002;graduateCourse0;8001
8012;graduateCourse1;8001
8022;graduateCourse2;8011
8032;graduateCourse3;8011
8042;graduateCourse4;8021
8052;graduateCourse5;8031
8062;graduateCourse6;8041
8072;graduateCourse7;8041
8082;graduateCourse8;8051
8092;graduateCourse9;8061
8102;graduateCourse10;8061
8112;graduateCourse11;8071
8122;graduateCourse12;8081
8132;graduateCourse13;8081
8142;graduateCourse14;8002
8152;graduateCourse15;8012
8162;graduateCourse16;8022
8172;graduateCourse17;8032
8182;graduateCourse18;8042
8192;graduateCourse19;8042
8202;graduateCourse20;8052
8212;graduateCourse21;8062
8222;graduateCourse22;8072
8232;graduateCourse23;8082
8242;graduateCourse24;8082
8252;graduateCourse25;8092
8262;graduateCourse26;8102
8272;graduateCourse27;8003
8282;graduateCourse28;8013
8292;graduateCourse29;8013
8302;graduateCourse30;8023
8312;graduateCourse31;8023
8322;graduateCourse32;8033
8332;graduateCourse33;8043
8342;graduateCourse34;8043
8352;graduateCourse35;8053
8362;graduateCourse36;8063
8372;graduateCourse37;8073
8382;graduateCourse38;8083
8392;graduateCourse39;8093
8402;graduateCourse40;8103
8412;graduateCourse41;8004
8422;graduateCourse42;8004
8432;graduateCourse43;8014
8442;graduateCourse44;8014
8452;graduateCourse45;8024
8462;graduateCourse46;8024
8472;graduateCourse47;8034
8482;graduateCourse48;8044
8492;graduateCourse49;8044
8502;graduateCourse50;8054
9002;graduateCourse0;9001
9012;graduateCourse1;9011
9022;graduateCourse2;9021
9032;graduateCourse3;9021
9042;graduateCourse4;9031
9052;graduateCourse5;9031
9062;graduateCourse6;9041
9072;graduateCourse7;9041
9082;graduateCourse8;9051
9092;graduateCourse9;9051
9102;graduateCourse10;9061
9112;graduateCourse11;9061
9122;graduateCourse12;9002
9132;graduateCourse13;9002
9142;graduateCourse14;9012
9152;graduateCourse15;9012
9162;graduateCourse16;9022
9172;graduateCourse17;9022
9182;graduateCourse18;9032
9192;graduateCourse19;9032
9202;graduateCourse20;9042
9212;graduateCourse21;9052
9222;graduateCourse22;9052
9232;graduateCourse23;9062
9242;graduateCourse24;9062
9252;graduateCourse25;9072
9262;graduateCourse26;9082
9272;graduateCourse27;9082
9282;graduateCourse28;9092
9292;graduateCourse29;9003
9302;graduateCourse30;9003
9312;graduateCourse31;9013
9322;graduateCourse32;9023
9332;graduateCourse33;9023
9342;graduateCourse34;9033
9352;graduateCourse35;9043
9362;graduateCourse36;9053
9372;graduateCourse37;9053
9382;graduateCourse38;9063
9392;graduateCourse39;9063
9402;graduateCourse40;9073
9412;graduateCourse41;9083
9422;graduateCourse42;9083
9432;graduateCourse43;9093
9442;graduateCourse44;9103
9452;graduateCourse45;9103
9462;graduateCourse46;9004
9472;graduateCourse47;9004
9482;graduateCourse48;9014
9492;graduateCourse49;9024
9502;graduateCourse50;9024
9512;graduateCourse51;9034
9522;graduateCourse52;9044
9532;graduateCourse53;9044
9542;graduateCourse54;9054
9552;graduateCourse55;9054
9562;graduateCourse56;9064
9572;graduateCourse57;9064
10002;graduateCourse0;10001
10012;graduateCourse1;10011
10022;graduateCourse2;10021
10032;graduateCourse3;10021
10042;graduateCourse4;10031
10052;graduateCourse5;10041
10062;graduateCourse6;10051
10072;graduateCourse7;10061
10082;graduateCourse8;10002
10092;graduateCourse9;10012
10102;graduateCourse10;10022
10112;graduateCourse11;10032
10122;graduateCourse12;10032
10132;graduateCourse13;10042
10142;graduateCourse14;10042
10152;graduateCourse15;10052
10162;graduateCourse16;10062
10172;graduateCourse17;10072
10182;graduateCourse18;10072
10192;graduateCourse19;10082
10202;graduateCourse20;10092
10212;graduateCourse21;10092
10222;graduateCourse22;10102
10232;graduateCourse23;10003
10242;graduateCourse24;10003
10252;graduateCourse25;10013
10262;graduateCourse26;10013
10272;graduateCourse27;10023
10282;graduateCourse28;10033
10292;graduateCourse29;10033
10302;graduateCourse30;10043
10312;graduateCourse31;10053
10322;graduateCourse32;10063
10332;graduateCourse33;10063
10342;graduateCourse34;10073
10352;graduateCourse35;10083
10362;graduateCourse36;10083
10372;graduateCourse37;10093
10382;graduateCourse38;10103
10392;graduateCourse39;10103
10402;graduateCourse40;10004
10412;graduateCourse41;10014
10422;graduateCourse42;10024
10432;graduateCourse43;10034
10442;graduateCourse44;10044
10452;graduateCourse45;10054
10462;graduateCourse46;10054
10472;graduateCourse47;10064
11002;graduateCourse0;11001
11012;graduateCourse1;11011
11022;graduateCourse2;11021
11032;graduateCourse3;11031
11042;graduateCourse4;11041
11052;graduateCourse5;11051
11062;graduateCourse6;11051
11072;graduateCourse7;11061
11082;graduateCourse8;11061
11092;graduateCourse9;11071
11102;graduateCourse10;11071
11112;graduateCourse11;11002
11122;graduateCourse12;11012
11132;graduateCourse13;11022
11142;graduateCourse14;11022
11152;graduateCourse15;11032
11162;graduateCourse16;11042
11172;graduateCourse17;11052
11182;graduateCourse18;11062
11192;graduateCourse19;11062
11202;graduateCourse20;11072
11212;graduateCourse21;11072
11222;graduateCourse22;11082
11232;graduateCourse23;11082
11242;graduateCourse24;11092
11252;graduateCourse25;11102
11262;graduateCourse26;11102
11272;graduateCourse27;11112
11282;graduateCourse28;11112
11292;graduateCourse29;11122
11302;graduateCourse30;11122
11312;graduateCourse31;11132
11322;graduateCourse32;11132
11332;graduateCourse33;11003
11342;graduateCourse34;11003
11352;graduateCourse35;11013
11362;graduateCourse36;11023
11372;graduateCourse37;11023
11382;graduateCourse38;11033
11392;graduateCourse39;11033
11402;graduateCourse40;11043
11412;graduateCourse41;11053
11422;graduateCourse42;11063
11432;graduateCourse43;11073
11442;graduateCourse44;11073
11452;graduateCourse45;11083
11462;graduateCourse46;11083
11472;graduateCourse47;11093
11482;graduateCourse48;11103
11492;graduateCourse49;11103
11502;graduateCourse50;11004
11512;graduateCourse51;11014
11522;graduateCourse52;11014
11532;graduateCourse53;11024
11542;graduateCourse54;11024
11552;graduateCourse55;11034
11562;graduateCourse56;11044
11572;graduateCourse57;11044
11582;graduateCourse58;11054
11592;graduateCourse59;11054
12002;graduateCourse0;12001
12012;graduateCourse1;12011
12022;graduateCourse2;12021
12032;graduateCourse3;12031
12042;graduateCourse4;12031
12052;graduateCourse5;12041
12062;graduateCourse6;12041
12072;graduateCourse7;12051
12082;graduateCourse8;12051
12092;graduateCourse9;12061
12102;graduateCourse10;12071
12112;graduateCourse11;12071
12122;graduateCourse12;12081
12132;graduateCourse13;12081
12142;graduateCourse14;12002
12152;graduateCourse15;12012
12162;graduateCourse16;12022
12172;graduateCourse17;12032
12182;graduateCourse18;12032
12192;graduateCourse19;12042
12202;graduateCourse20;12042
12212;graduateCourse21;12052
12222;graduateCourse22;12062
12232;graduateCourse23;12062
12242;graduateCourse24;12072
12252;graduateCourse25;12082
12262;graduateCourse26;12092
12272;graduateCourse27;12102
12282;graduateCourse28;12102
12292;graduateCourse29;12003
12302;graduateCourse30;12003
12312;graduateCourse31;12013
12322;graduateCourse32;12023
12332;graduateCourse33;12033
12342;graduateCourse34;12033
12352;graduateCourse35;12043
12362;graduateCourse36;12053
12372;graduateCourse37;12053
12382;graduateCourse38;12063
12392;graduateCourse39;12073
12402;graduateCourse40;12083
12412;graduateCourse41;12093
12422;graduateCourse42;12093
12432;graduateCourse43;12103
12442;graduateCourse44;12103
12452;graduateCourse45;12004
12462;graduateCourse46;12014
12472;graduateCourse47;12014
12482;graduateCourse48;12024
12492;graduateCourse49;12024
12502;graduateCourse50;12034
12512;graduateCourse51;12034
12522;graduateCourse52;12044
13002;graduateCourse0;13001
13012;graduateCourse1;13001
13022;graduateCourse2;13011
13032;graduateCourse3;13021
13042;graduateCourse4;13021
13052;graduateCourse5;13031
13062;graduateCourse6;13031
13072;graduateCourse7;13041
13082;graduateCourse8;13051
13092;graduateCourse9;13061
13102;graduateCourse10;13061
13112;graduateCourse11;13071
13122;graduateCourse12;13002
13132;graduateCourse13;13012
13142;graduateCourse14;13022
13152;graduateCourse15;13022
13162;graduateCourse16;13032
13172;graduateCourse17;13042
13182;graduateCourse18;13042
13192;graduateCourse19;13052
13202;graduateCourse20;13052
13212;graduateCourse21;13062
13222;graduateCourse22;13062
13232;graduateCourse23;13072
13242;graduateCourse24;13082
13252;graduateCourse25;13092
13262;graduateCourse26;13092
13272;graduateCourse27;13102
13282;graduateCourse28;13112
13292;graduateCourse29;13112
13302;graduateCourse30;13122
13312;graduateCourse31;13122
13322;graduateCourse32;13132
13332;graduateCourse33;13003
13342;graduateCourse34;13003
13352;graduateCourse35;13013
13362;graduateCourse36;13023
13372;graduateCourse37;13023
13382;graduateCourse38;13033
13392;graduateCourse39;13033
13402;graduateCourse40;13043
13412;graduateCourse41;13053
13422;graduateCourse42;13053
13432;graduateCourse43;13063
13442;graduateCourse44;13073
13452;graduateCourse45;13073
13462;graduateCourse46;13083
13472;graduateCourse47;13083
13482;graduateCourse48;13093
13492;graduateCourse49;13093
13502;graduateCourse50;13103
13512;graduateCourse51;13004
13522;graduateCourse52;13014
13532;graduateCourse53;13014
13542;graduateCourse54;13024
13552;graduateCourse55;13034
13562;graduateCourse56;13044
13572;graduateCourse57;13044
14002;graduateCourse0;14001
14012;graduateCourse1;14011
14022;graduateCourse2;14021
14032;graduateCourse3;14031
14042;graduateCourse4;14041
14052;graduateCourse5;14041
14062;graduateCourse6;14051
14072;graduateCourse7;14051
14082;graduateCourse8;14061
14092;graduateCourse9;14061
14102;graduateCourse10;14002
14112;graduateCourse11;14012
14122;graduateCourse12;14012
14132;graduateCourse13;14022
14142;graduateCourse14;14032
14152;graduateCourse15;14042
14162;graduateCourse16;14052
14172;graduateCourse17;14052
14182;graduateCourse18;14062
14192;graduateCourse19;14062
14202;graduateCourse20;14072
14212;graduateCourse21;14082
14222;graduateCourse22;14082
14232;graduateCourse23;14092
14242;graduateCourse24;14102
14252;graduateCourse25;14102
14262;graduateCourse26;14112
14272;graduateCourse27;14112
14282;graduateCourse28;14003
14292;graduateCourse29;14013
14302;graduateCourse30;14023
14312;graduateCourse31;14023
14322;graduateCourse32;14033
14332;graduateCourse33;14043
14342;graduateCourse34;14053
14352;graduateCourse35;14063
14362;graduateCourse36;14073
14372;graduateCourse37;14004
14382;graduateCourse38;14014
14392;graduateCourse39;14024
14402;graduateCourse40;14024
14412;graduateCourse41;14034
14422;graduateCourse42;14034
14432;graduateCourse43;14044
14442;graduateCourse44;14054
14452;graduateCourse45;14054
100002;graduateCourse0;100001
100012;graduateCourse1;100011
100022;graduateCourse2;100021
100032;graduateCourse3;100021
100042;graduateCourse4;100031
100052;graduateCourse5;100041
100062;graduateCourse6;100051
100072;graduateCourse7;100061
100082;graduateCourse8;100061
100092;graduateCourse9;100002
100102;graduateCourse10;100012
100112;graduateCourse11;100022
100122;graduateCourse12;100032
100132;graduateCourse13;100032
100142;graduateCourse14;100042
100152;graduateCourse15;100052
100162;graduateCourse16;100062
100172;graduateCourse17;100062
100182;graduateCourse18;100072
100192;graduateCourse19;100072
100202;graduateCourse20;100082
100212;graduateCourse21;100092
100222;graduateCourse22;100092
100232;graduateCourse23;100102
100242;graduateCourse24;100102
100252;graduateCourse25;100112
100262;graduateCourse26;100112
100272;graduateCourse27;100003
100282;graduateCourse28;100003
100292;graduateCourse29;100013
100302;graduateCourse30;100013
100312;graduateCourse31;100023
100322;graduateCourse32;100033
100332;graduateCourse33;100043
100342;graduateCourse34;100053
100352;graduateCourse35;100053
100362;graduateCourse36;100063
100372;graduateCourse37;100063
100382;graduateCourse38;100073
100392;graduateCourse39;100073
100402;graduateCourse40;100083
100412;graduateCourse41;100083
100422;graduateCourse42;100004
100432;graduateCourse43;100004
100442;graduateCourse44;100014
100452;graduateCourse45;100014
100462;graduateCourse46;100024
100472;graduateCourse47;100024
100482;graduateCourse48;100034
100492;graduateCourse49;100044
100502;graduateCourse50;100044
100512;graduateCourse51;100054
100522;graduateCourse52;100064
100532;graduateCourse53;100064
101002;graduateCourse0;101001
101012;graduateCourse1;101011
101022;graduateCourse2;101021
101032;graduateCourse3;101021
101042;graduateCourse4;101031
101052;graduateCourse5;101041
101062;graduateCourse6;101051
101072;graduateCourse7;101051
101082;graduateCourse8;101061
101092;graduateCourse9;101071
101102;graduateCourse10;101071
101112;graduateCourse11;101002
101122;graduateCourse12;101002
101132;graduateCourse13;101012
101142;graduateCourse14;101012
101152;graduateCourse15;101022
101162;graduateCourse16;101032
101172;graduateCourse17;101042
101182;graduateCourse18;101042
101192;graduateCourse19;101052
101202;graduateCourse20;101052
101212;graduateCourse21;101062
101222;graduateCourse22;101072
101232;graduateCourse23;101072
101242;graduateCourse24;101082
101252;graduateCourse25;101082
101262;graduateCourse26;101092
101272;graduateCourse27;101102
101282;graduateCourse28;101112
101292;graduateCourse29;101112
101302;graduateCourse30;101122
101312;graduateCourse31;101122
101322;graduateCourse32;101132
101332;graduateCourse33;101003
101342;graduateCourse34;101003
101352;graduateCourse35;101013
101362;graduateCourse36;101013
101372;graduateCourse37;101023
101382;graduateCourse38;101033
101392;graduateCourse39;101033
101402;graduateCourse40;101043
101412;graduateCourse41;101053
101422;graduateCourse42;101063
101432;graduateCourse43;101073
101442;graduateCourse44;101083
101452;graduateCourse45;101093
101462;graduateCourse46;101093
101472;graduateCourse47;101004
101482;graduateCourse48;101014
101492;graduateCourse49;101014
101502;graduateCourse50;101024
101512;graduateCourse51;101034
101522;graduateCourse52;101044
101532;graduateCourse53;101044
102002;graduateCourse0;102001
102012;graduateCourse1;102011
102022;graduateCourse2;102021
102032;graduateCourse3;102021
102042;graduateCourse4;102031
102052;graduateCourse5;102041
102062;graduateCourse6;102051
102072;graduateCourse7;102051
102082;graduateCourse8;102061
102092;graduateCourse9;102061
102102;graduateCourse10;102071
102112;graduateCourse11;102081
102122;graduateCourse12;102081
102132;graduateCourse13;102002
102142;graduateCourse14;102002
102152;graduateCourse15;102012
102162;graduateCourse16;102012
102172;graduateCourse17;102022
102182;graduateCourse18;102022
102192;graduateCourse19;102032
102202;graduateCourse20;102042
102212;graduateCourse21;102052
102222;graduateCourse22;102062
102232;graduateCourse23;102062
102242;graduateCourse24;102072
102252;graduateCourse25;102082
102262;graduateCourse26;102092
102272;graduateCourse27;102102
102282;graduateCourse28;102112
102292;graduateCourse29;102112
102302;graduateCourse30;102003
102312;graduateCourse31;102003
102322;graduateCourse32;102013
102332;graduateCourse33;102013
102342;graduateCourse34;102023
102352;graduateCourse35;102023
102362;graduateCourse36;102033
102372;graduateCourse37;102033
102382;graduateCourse38;102043
102392;graduateCourse39;102053
102402;graduateCourse40;102063
102412;graduateCourse41;102063
102422;graduateCourse42;102073
102432;graduateCourse43;102073
102442;graduateCourse44;102004
102452;graduateCourse45;102004
102462;graduateCourse46;102014
102472;graduateCourse47;102014
102482;graduateCourse48;102024
102492;graduateCourse49;102024
102502;graduateCourse50;102034
102512;graduateCourse51;102034
102522;graduateCourse52;102044
102532;graduateCourse53;102044
102542;graduateCourse54;102054
102552;graduateCourse55;102064
102562;graduateCourse56;102064
103002;graduateCourse0;103001
103012;graduateCourse1;103001
103022;graduateCourse2;103011
103032;graduateCourse3;103021
103042;graduateCourse4;103021
103052;graduateCourse5;103031
103062;graduateCourse6;103031
103072;graduateCourse7;103041
103082;graduateCourse8;103051
103092;graduateCourse9;103051
103102;graduateCourse10;103061
103112;graduateCourse11;103071
103122;graduateCourse12;103081
103132;graduateCourse13;103002
103142;graduateCourse14;103012
103152;graduateCourse15;103012
103162;graduateCourse16;103022
103172;graduateCourse17;103032
103182;graduateCourse18;103032
103192;graduateCourse19;103042
103202;graduateCourse20;103052
103212;graduateCourse21;103052
103222;graduateCourse22;103062
103232;graduateCourse23;103062
103242;graduateCourse24;103072
103252;graduateCourse25;103082
103262;graduateCourse26;103092
103272;graduateCourse27;103102
103282;graduateCourse28;103112
103292;graduateCourse29;103112
103302;graduateCourse30;103122
103312;graduateCourse31;103122
103322;graduateCourse32;103132
103332;graduateCourse33;103132
103342;graduateCourse34;103003
103352;graduateCourse35;103003
103362;graduateCourse36;103013
103372;graduateCourse37;103013
103382;graduateCourse38;103023
103392;graduateCourse39;103033
103402;graduateCourse40;103033
103412;graduateCourse41;103043
103422;graduateCourse42;103053
103432;graduateCourse43;103063
103442;graduateCourse44;103063
103452;graduateCourse45;103073
103462;graduateCourse46;103083
103472;graduateCourse47;103083
103482;graduateCourse48;103093
103492;graduateCourse49;103093
103502;graduateCourse50;103103
103512;graduateCourse51;103004
103522;graduateCourse52;103014
103532;graduateCourse53;103024
103542;graduateCourse54;103034
103552;graduateCourse55;103034
103562;graduateCourse56;103044
103572;graduateCourse57;103054
103582;graduateCourse58;103064
104002;graduateCourse0;104001
104012;graduateCourse1;104011
104022;graduateCourse2;104021
104032;graduateCourse3;104031
104042;graduateCourse4;104041
104052;graduateCourse5;104051
104062;graduateCourse6;104061
104072;graduateCourse7;104002
104082;graduateCourse8;104012
104092;graduateCourse9;104012
104102;graduateCourse10;104022
104112;graduateCourse11;104032
104122;graduateCourse12;104032
104132;graduateCourse13;104042
104142;graduateCourse14;104042
104152;graduateCourse15;104052
104162;graduateCourse16;104062
104172;graduateCourse17;104062
104182;graduateCourse18;104072
104192;graduateCourse19;104072
104202;graduateCourse20;104082
104212;graduateCourse21;104082
104222;graduateCourse22;104092
104232;graduateCourse23;104102
104242;graduateCourse24;104112
104252;graduateCourse25;104112
104262;graduateCourse26;104122
104272;graduateCourse27;104132
104282;graduateCourse28;104003
104292;graduateCourse29;104013
104302;graduateCourse30;104023
104312;graduateCourse31;104033
104322;graduateCourse32;104033
104332;graduateCourse33;104043
104342;graduateCourse34;104053
104352;graduateCourse35;104053
104362;graduateCourse36;104063
104372;graduateCourse37;104063
104382;graduateCourse38;104073
104392;graduateCourse39;104073
104402;graduateCourse40;104083
104412;graduateCourse41;104083
104422;graduateCourse42;104093
104432;graduateCourse43;104004
104442;graduateCourse44;104014
104452;graduateCourse45;104024
104462;graduateCourse46;104034
104472;graduateCourse47;104044
104482;graduateCourse48;104044
104492;graduateCourse49;104054
104502;graduateCourse50;104064
105002;graduateCourse0;105001
105012;graduateCourse1;105001
105022;graduateCourse2;105011
105032;graduateCourse3;105011
105042;graduateCourse4;105021
105052;graduateCourse5;105021
105062;graduateCourse6;105031
105072;graduateCourse7;105041
105082;graduateCourse8;105051
105092;graduateCourse9;105061
105102;graduateCourse10;105071
105112;graduateCourse11;105081
105122;graduateCourse12;105081
105132;graduateCourse13;105002
105142;graduateCourse14;105002
105152;graduateCourse15;105012
105162;graduateCourse16;105012
105172;graduateCourse17;105022
105182;graduateCourse18;105032
105192;graduateCourse19;105042
105202;graduateCourse20;105042
105212;graduateCourse21;105052
105222;graduateCourse22;105052
105232;graduateCourse23;105062
105242;graduateCourse24;105062
105252;graduateCourse25;105072
105262;graduateCourse26;105072
105272;graduateCourse27;105082
105282;graduateCourse28;105092
105292;graduateCourse29;105092
105302;graduateCourse30;105102
105312;graduateCourse31;105112
105322;graduateCourse32;105003
105332;graduateCourse33;105013
105342;graduateCourse34;105013
105352;graduateCourse35;105023
105362;graduateCourse36;105033
105372;graduateCourse37;105043
105382;graduateCourse38;105043
105392;graduateCourse39;105053
105402;graduateCourse40;105063
105412;graduateCourse41;105063
105422;graduateCourse42;105073
105432;graduateCourse43;105083
105442;graduateCourse44;105083
105452;graduateCourse45;105093
105462;graduateCourse46;105093
105472;graduateCourse47;105004
105482;graduateCourse48;105004
105492;graduateCourse49;105014
105502;graduateCourse50;105014
105512;graduateCourse51;105024
105522;graduateCourse52;105034
105532;graduateCourse53;105044
105542;graduateCourse54;105044
105552;graduateCourse55;105054
105562;graduateCourse56;105054
105572;graduateCourse57;105064
106002;graduateCourse0;106001
106012;graduateCourse1;106001
106022;graduateCourse2;106011
106032;graduateCourse3;106021
106042;graduateCourse4;106021
106052;graduateCourse5;106031
106062;graduateCourse6;106041
106072;graduateCourse7;106051
106082;graduateCourse8;106051
106092;graduateCourse9;106061
106102;graduateCourse10;106071
106112;graduateCourse11;106071
106122;graduateCourse12;106081
106132;graduateCourse13;106081
106142;graduateCourse14;106091
106152;graduateCourse15;106002
106162;graduateCourse16;106002
106172;graduateCourse17;106012
106182;graduateCourse18;106012
106192;graduateCourse19;106022
106202;graduateCourse20;106032
106212;graduateCourse21;106032
106222;graduateCourse22;106042
106232;graduateCourse23;106042
106242;graduateCourse24;106052
106252;graduateCourse25;106062
106262;graduateCourse26;106072
106272;graduateCourse27;106072
106282;graduateCourse28;106082
106292;graduateCourse29;106082
106302;graduateCourse30;106092
106312;graduateCourse31;106102
106322;graduateCourse32;106102
106332;graduateCourse33;106003
106342;graduateCourse34;106003
106352;graduateCourse35;106013
106362;graduateCourse36;106023
106372;graduateCourse37;106023
106382;graduateCourse38;106033
106392;graduateCourse39;106043
106402;graduateCourse40;106043
106412;graduateCourse41;106053
106422;graduateCourse42;106053
106432;graduateCourse43;106063
106442;graduateCourse44;106073
106452;graduateCourse45;106083
106462;graduateCourse46;106093
106472;graduateCourse47;106103
106482;graduateCourse48;106004
106492;graduateCourse49;106004
106502;graduateCourse50;106014
106512;graduateCourse51;106014
106522;graduateCourse52;106024
106532;graduateCourse53;106034
106542;graduateCourse54;106044
106552;graduateCourse55;106054
106562;graduateCourse56;106064
106572;graduateCourse57;106064
107002;graduateCourse0;107001
107012;graduateCourse1;107001
107022;graduateCourse2;107011
107032;graduateCourse3;107011
107042;graduateCourse4;107021
107052;graduateCourse5;107021
107062;graduateCourse6;107031
107072;graduateCourse7;107041
107082;graduateCourse8;107051
107092;graduateCourse9;107051
107102;graduateCourse10;107061
107112;graduateCourse11;107071
107122;graduateCourse12;107071
107132;graduateCourse13;107081
107142;graduateCourse14;107091
107152;graduateCourse15;107002
107162;graduateCourse16;107002
107172;graduateCourse17;107012
107182;graduateCourse18;107022
107192;graduateCourse19;107032
107202;graduateCourse20;107042
107212;graduateCourse21;107042
107222;graduateCourse22;107052
107232;graduateCourse23;107052
107242;graduateCourse24;107062
107252;graduateCourse25;107062
107262;graduateCourse26;107072
107272;graduateCourse27;107082
107282;graduateCourse28;107092
107292;graduateCourse29;107102
107302;graduateCourse30;107102
107312;graduateCourse31;107112
107322;graduateCourse32;107112
107332;graduateCourse33;107003
107342;graduateCourse34;107013
107352;graduateCourse35;107023
107362;graduateCourse36;107023
107372;graduateCourse37;107033
107382;graduateCourse38;107043
107392;graduateCourse39;107053
107402;graduateCourse40;107063
107412;graduateCourse41;107063
107422;graduateCourse42;107073
107432;graduateCourse43;107083
107442;graduateCourse44;107083
107452;graduateCourse45;107093
107462;graduateCourse46;107093
107472;graduateCourse47;107103
107482;graduateCourse48;107103
107492;graduateCourse49;107004
107502;graduateCourse50;107014
107512;graduateCourse51;107024
107522;graduateCourse52;107024
107532;graduateCourse53;107034
107542;graduateCourse54;107044
107552;graduateCourse55;107054
107562;graduateCourse56;107054
107572;graduateCourse57;107064
108002;graduateCourse0;108001
108012;graduateCourse1;108011
108022;graduateCourse2;108011
108032;graduateCourse3;108021
108042;graduateCourse4;108031
108052;graduateCourse5;108041
108062;graduateCourse6;108051
108072;graduateCourse7;108051
108082;graduateCourse8;108061
108092;graduateCourse9;108071
108102;graduateCourse10;108002
108112;graduateCourse11;108012
108122;graduateCourse12;108012
108132;graduateCourse13;108022
108142;graduateCourse14;108032
108152;graduateCourse15;108032
108162;graduateCourse16;108042
108172;graduateCourse17;108052
108182;graduateCourse18;108052
108192;graduateCourse19;108062
108202;graduateCourse20;108072
108212;graduateCourse21;108072
108222;graduateCourse22;108082
108232;graduateCourse23;108082
108242;graduateCourse24;108092
108252;graduateCourse25;108092
108262;graduateCourse26;108003
108272;graduateCourse27;108013
108282;graduateCourse28;108023
108292;graduateCourse29;108023
108302;graduateCourse30;108033
108312;graduateCourse31;108043
108322;graduateCourse32;108043
108332;graduateCourse33;108053
108342;graduateCourse34;108053
108352;graduateCourse35;108063
108362;graduateCourse36;108063
108372;graduateCourse37;108073
108382;graduateCourse38;108073
108392;graduateCourse39;108083
108402;graduateCourse40;108083
108412;graduateCourse41;108093
108422;graduateCourse42;108093
108432;graduateCourse43;108004
108442;graduateCourse44;108004
108452;graduateCourse45;108014
108462;graduateCourse46;108014
108472;graduateCourse47;108024
108482;graduateCourse48;108024
108492;graduateCourse49;108034
108502;graduateCourse50;108034
108512;graduateCourse51;108044
108522;graduateCourse52;108054
108532;graduateCourse53;108054
108542;graduateCourse54;108064
108552;graduateCourse55;108064
109002;graduateCourse0;109001
109012;graduateCourse1;109011
109022;graduateCourse2;109011
109032;graduateCourse3;109021
109042;graduateCourse4;109031
109052;graduateCourse5;109041
109062;graduateCourse6;109051
109072;graduateCourse7;109051
109082;graduateCourse8;109061
109092;graduateCourse9;109061
109102;graduateCourse10;109071
109112;graduateCourse11;109071
109122;graduateCourse12;109081
109132;graduateCourse13;109002
109142;graduateCourse14;109002
109152;graduateCourse15;109012
109162;graduateCourse16;109012
109172;graduateCourse17;109022
109182;graduateCourse18;109032
109192;graduateCourse19;109032
109202;graduateCourse20;109042
109212;graduateCourse21;109042
109222;graduateCourse22;109052
109232;graduateCourse23;109052
109242;graduateCourse24;109062
109252;graduateCourse25;109072
109262;graduateCourse26;109072
109272;graduateCourse27;109082
109282;graduateCourse28;109082
109292;graduateCourse29;109092
109302;graduateCourse30;109102
109312;graduateCourse31;109102
109322;graduateCourse32;109112
109332;graduateCourse33;109112
109342;graduateCourse34;109003
109352;graduateCourse35;109013
109362;graduateCourse36;109013
109372;graduateCourse37;109023
109382;graduateCourse38;109023
109392;graduateCourse39;109033
109402;graduateCourse40;109033
109412;graduateCourse41;109043
109422;graduateCourse42;109053
109432;graduateCourse43;109063
109442;graduateCourse44;109073
109452;graduateCourse45;109073
109462;graduateCourse46;109083
109472;graduateCourse47;109004
109482;graduateCourse48;109004
109492;graduateCourse49;109014
109502;graduateCourse50;109024
109512;graduateCourse51;109024
109522;graduateCourse52;109034
109532;graduateCourse53;109044
109542;graduateCourse54;109054
109552;graduateCourse55;109054
110002;graduateCourse0;110001
110012;graduateCourse1;110001
110022;graduateCourse2;110011
110032;graduateCourse3;110011
110042;graduateCourse4;110021
110052;graduateCourse5;110031
110062;graduateCourse6;110041
110072;graduateCourse7;110051
110082;graduateCourse8;110061
110092;graduateCourse9;110061
110102;graduateCourse10;110071
110112;graduateCourse11;110081
110122;graduateCourse12;110081
110132;graduateCourse13;110091
110142;graduateCourse14;110002
110152;graduateCourse15;110012
110162;graduateCourse16;110012
110172;graduateCourse17;110022
110182;graduateCourse18;110032
110192;graduateCourse19;110032
110202;graduateCourse20;110042
110212;graduateCourse21;110052
110222;graduateCourse22;110052
110232;graduateCourse23;110062
110242;graduateCourse24;110062
110252;graduateCourse25;110072
110262;graduateCourse26;110082
110272;graduateCourse27;110082
110282;graduateCourse28;110092
110292;graduateCourse29;110102
110302;graduateCourse30;110102
110312;graduateCourse31;110112
110322;graduateCourse32;110112
110332;graduateCourse33;110003
110342;graduateCourse34;110003
110352;graduateCourse35;110013
110362;graduateCourse36;110013
110372;graduateCourse37;110023
110382;graduateCourse38;110023
110392;graduateCourse39;110033
110402;graduateCourse40;110043
110412;graduateCourse41;110053
110422;graduateCourse42;110063
110432;graduateCourse43;110073
110442;graduateCourse44;110073
110452;graduateCourse45;110083
110462;graduateCourse46;110093
110472;graduateCourse47;110093
110482;graduateCourse48;110103
110492;graduateCourse49;110103
110502;graduateCourse50;110004
110512;graduateCourse51;110014
110522;graduateCourse52;110014
110532;graduateCourse53;110024
110542;graduateCourse54;110024
110552;graduateCourse55;110034
110562;graduateCourse56;110044
111002;graduateCourse0;111001
111012;graduateCourse1;111001
111022;graduateCourse2;111011
111032;graduateCourse3;111011
111042;graduateCourse4;111021
111052;graduateCourse5;111021
111062;graduateCourse6;111031
111072;graduateCourse7;111041
111082;graduateCourse8;111041
111092;graduateCourse9;111051
111102;graduateCourse10;111061
111112;graduateCourse11;111061
111122;graduateCourse12;111002
111132;graduateCourse13;111012
111142;graduateCourse14;111022
111152;graduateCourse15;111022
111162;graduateCourse16;111032
111172;graduateCourse17;111042
111182;graduateCourse18;111052
111192;graduateCourse19;111052
111202;graduateCourse20;111062
111212;graduateCourse21;111072
111222;graduateCourse22;111072
111232;graduateCourse23;111082
111242;graduateCourse24;111082
111252;graduateCourse25;111092
111262;graduateCourse26;111092
111272;graduateCourse27;111003
111282;graduateCourse28;111003
111292;graduateCourse29;111013
111302;graduateCourse30;111023
111312;graduateCourse31;111033
111322;graduateCourse32;111043
111332;graduateCourse33;111053
111342;graduateCourse34;111063
111352;graduateCourse35;111063
111362;graduateCourse36;111073
111372;graduateCourse37;111004
111382;graduateCourse38;111014
111392;graduateCourse39;111014
111402;graduateCourse40;111024
111412;graduateCourse41;111034
111422;graduateCourse42;111044
111432;graduateCourse43;111044
112002;graduateCourse0;112001
112012;graduateCourse1;112011
112022;graduateCourse2;112011
112032;graduateCourse3;112021
112042;graduateCourse4;112021
112052;graduateCourse5;112031
112062;graduateCourse6;112041
112072;graduateCourse7;112041
112082;graduateCourse8;112051
112092;graduateCourse9;112061
112102;graduateCourse10;112071
112112;graduateCourse11;112071
112122;graduateCourse12;112081
112132;graduateCourse13;112091
112142;graduateCourse14;112002
112152;graduateCourse15;112002
112162;graduateCourse16;112012
112172;graduateCourse17;112022
112182;graduateCourse18;112032
112192;graduateCourse19;112032
112202;graduateCourse20;112042
112212;graduateCourse21;112052
112222;graduateCourse22;112062
112232;graduateCourse23;112072
112242;graduateCourse24;112082
112252;graduateCourse25;112092
112262;graduateCourse26;112092
112272;graduateCourse27;112102
112282;graduateCourse28;112112
112292;graduateCourse29;112122
112302;graduateCourse30;112003
112312;graduateCourse31;112013
112322;graduateCourse32;112013
112332;graduateCourse33;112023
112342;graduateCourse34;112033
112352;graduateCourse35;112033
112362;graduateCourse36;112043
112372;graduateCourse37;112053
112382;graduateCourse38;112053
112392;graduateCourse39;112063
112402;graduateCourse40;112073
112412;graduateCourse41;112083
112422;graduateCourse42;112004
112432;graduateCourse43;112014
112442;graduateCourse44;112014
112452;graduateCourse45;112024
112462;graduateCourse46;112034
112472;graduateCourse47;112044
112482;graduateCourse48;112054
112492;graduateCourse49;112054
112502;graduateCourse50;112064
112512;graduateCourse51;112064
113002;graduateCourse0;113001
113012;graduateCourse1;113011
113022;graduateCourse2;113021
113032;graduateCourse3;113021
113042;graduateCourse4;113031
113052;graduateCourse5;113031
113062;graduateCourse6;113041
113072;graduateCourse7;113041
113082;graduateCourse8;113051
113092;graduateCourse9;113051
113102;graduateCourse10;113061
113112;graduateCourse11;113071
113122;graduateCourse12;113081
113132;graduateCourse13;113091
113142;graduateCourse14;113091
113152;graduateCourse15;113002
113162;graduateCourse16;113002
113172;graduateCourse17;113012
113182;graduateCourse18;113012
113192;graduateCourse19;113022
113202;graduateCourse20;113022
113212;graduateCourse21;113032
113222;graduateCourse22;113032
113232;graduateCourse23;113042
113242;graduateCourse24;113042
113252;graduateCourse25;113052
113262;graduateCourse26;113062
113272;graduateCourse27;113072
113282;graduateCourse28;113082
113292;graduateCourse29;113082
113302;graduateCourse30;113092
113312;graduateCourse31;113102
113322;graduateCourse32;113102
113332;graduateCourse33;113112
113342;graduateCourse34;113122
113352;graduateCourse35;113122
113362;graduateCourse36;113003
113372;graduateCourse37;113003
113382;graduateCourse38;113013
113392;graduateCourse39;113013
113402;graduateCourse40;113023
113412;graduateCourse41;113023
113422;graduateCourse42;113033
113432;graduateCourse43;113043
113442;graduateCourse44;113053
113452;graduateCourse45;113063
113462;graduateCourse46;113063
113472;graduateCourse47;113073
113482;graduateCourse48;113083
113492;graduateCourse49;113083
113502;graduateCourse50;113004
113512;graduateCourse51;113014
113522;graduateCourse52;113014
113532;graduateCourse53;113024
113542;graduateCourse54;113034
113552;graduateCourse55;113044
114002;graduateCourse0;114001
114012;graduateCourse1;114011
114022;graduateCourse2;114021
114032;graduateCourse3;114021
114042;graduateCourse4;114031
114052;graduateCourse5;114041
114062;graduateCourse6;114051
114072;graduateCourse7;114051
114082;graduateCourse8;114061
114092;graduateCourse9;114061
114102;graduateCourse10;114002
114112;graduateCourse11;114012
114122;graduateCourse12;114012
114132;graduateCourse13;114022
114142;graduateCourse14;114032
114152;graduateCourse15;114042
114162;graduateCourse16;114052
114172;graduateCourse17;114052
114182;graduateCourse18;114062
114192;graduateCourse19;114072
114202;graduateCourse20;114072
114212;graduateCourse21;114082
114222;graduateCourse22;114082
114232;graduateCourse23;114092
114242;graduateCourse24;114092
114252;graduateCourse25;114003
114262;graduateCourse26;114013
114272;graduateCourse27;114023
114282;graduateCourse28;114033
114292;graduateCourse29;114043
114302;graduateCourse30;114043
114312;graduateCourse31;114053
114322;graduateCourse32;114063
114332;graduateCourse33;114063
114342;graduateCourse34;114073
114352;graduateCourse35;114083
114362;graduateCourse36;114083
114372;graduateCourse37;114093
114382;graduateCourse38;114093
114392;graduateCourse39;114004
114402;graduateCourse40;114014
114412;graduateCourse41;114024
114422;graduateCourse42;114024
114432;graduateCourse43;114034
114442;graduateCourse44;114034
114452;graduateCourse45;114044
115002;graduateCourse0;115001
115012;graduateCourse1;115011
115022;graduateCourse2;115011
115032;graduateCourse3;115021
115042;graduateCourse4;115021
115052;graduateCourse5;115031
115062;graduateCourse6;115041
115072;graduateCourse7;115051
115082;graduateCourse8;115061
115092;graduateCourse9;115002
115102;graduateCourse10;115002
115112;graduateCourse11;115012
115122;graduateCourse12;115012
115132;graduateCourse13;115022
115142;graduateCourse14;115032
115152;graduateCourse15;115042
115162;graduateCourse16;115042
115172;graduateCourse17;115052
115182;graduateCourse18;115052
115192;graduateCourse19;115062
115202;graduateCourse20;115062
115212;graduateCourse21;115072
115222;graduateCourse22;115082
115232;graduateCourse23;115082
115242;graduateCourse24;115092
115252;graduateCourse25;115092
115262;graduateCourse26;115102
115272;graduateCourse27;115112
115282;graduateCourse28;115122
115292;graduateCourse29;115132
115302;graduateCourse30;115132
115312;graduateCourse31;115003
115322;graduateCourse32;115013
115332;graduateCourse33;115023
115342;graduateCourse34;115023
115352;graduateCourse35;115033
115362;graduateCourse36;115033
115372;graduateCourse37;115043
115382;graduateCourse38;115053
115392;graduateCourse39;115053
115402;graduateCourse40;115063
115412;graduateCourse41;115063
115422;graduateCourse42;115073
115432;graduateCourse43;115083
115442;graduateCourse44;115093
115452;graduateCourse45;115004
115462;graduateCourse46;115014
115472;graduateCourse47;115014
115482;graduateCourse48;115024
115492;graduateCourse49;115024
115502;graduateCourse50;115034
115512;graduateCourse51;115044
115522;graduateCourse52;115044
116002;graduateCourse0;116001
116012;graduateCourse1;116001
116022;graduateCourse2;116011
116032;graduateCourse3;116011
116042;graduateCourse4;116021
116052;graduateCourse5;116021
116062;graduateCourse6;116031
116072;graduateCourse7;116031
116082;graduateCourse8;116041
116092;graduateCourse9;116051
116102;graduateCourse10;116051
116112;graduateCourse11;116061
116122;graduateCourse12;116071
116132;graduateCourse13;116081
116142;graduateCourse14;116091
116152;graduateCourse15;116002
116162;graduateCourse16;116012
116172;graduateCourse17;116022
116182;graduateCourse18;116032
116192;graduateCourse19;116032
116202;graduateCourse20;116042
116212;graduateCourse21;116052
116222;graduateCourse22;116052
116232;graduateCourse23;116062
116242;graduateCourse24;116072
116252;graduateCourse25;116082
116262;graduateCourse26;116092
116272;graduateCourse27;116102
116282;graduateCourse28;116102
116292;graduateCourse29;116112
116302;graduateCourse30;116003
116312;graduateCourse31;116003
116322;graduateCourse32;116013
116332;graduateCourse33;116023
116342;graduateCourse34;116023
116352;graduateCourse35;116033
116362;graduateCourse36;116043
116372;graduateCourse37;116053
116382;graduateCourse38;116053
116392;graduateCourse39;116063
116402;graduateCourse40;116063
116412;graduateCourse41;116073
116422;graduateCourse42;116073
116432;graduateCourse43;116083
116442;graduateCourse44;116083
116452;graduateCourse45;116093
116462;graduateCourse46;116103
116472;graduateCourse47;116103
116482;graduateCourse48;116004
116492;graduateCourse49;116004
116502;graduateCourse50;116014
116512;graduateCourse51;116014
116522;graduateCourse52;116024
116532;graduateCourse53;116034
116542;graduateCourse54;116044
116552;graduateCourse55;116044
116562;graduateCourse56;116054
116572;graduateCourse57;116054
117002;;117001
117012;;117011
117022;;117021
117032;;117021
117042;;117031
117052;;117031
117062;;117041
117072;;117041
117082;;117051
117092;;117061
117102;;117061
117112;;117071
117122;;117002
117132;;117002
117142;;117012
117152;;117012
117162;;117022
117172;;117022
117182;;117032
117192;;117042
117202;;117052
117212;;117062
117222;;117062
117232;;117072
117242;;117072
117252;;117082
117262;;117082
117272;;117092
117282;;117092
117292;;117102
117302;;117112
117312;;117112
117322;;117122
117332;;117003
117342;;117013
117352;;117023
117362;;117023
117372;;117033
117382;;117033
117392;;117043
117402;;117053
117412;;117053
117422;;117063
117432;;117073
117442;;117073
117452;;117083
117462;;117083
117472;;117093
117482;;117103
117492;;117004
117502;;117014
117512;;117014
117522;;117024
117532;;117034
117542;;117044
117552;;117054
117562;;117054
117572;;117064